country_name,1990,2000,2011,2012,2013,2014,2015,2016,2017,2018,2019
Afghanistan,0.9563532223783476,0.943958214720119,0.9537272624541675,0.9518712112523539,0.9493204656005494,0.9470906886235546,0.9457921518999652,0.945512753721124,0.9459650032537832,0.9468830946341805,0.947889896043083
Albania,0.9527890390903382,0.9761501425963149,0.9813830694167281,0.9767127722289808,0.9717842888861645,0.9674728316015565,0.9643965012271072,0.9628243477216408,0.9625695805700314,0.9632134122077226,0.9641001114796516
Algeria,0.975924496732716,0.9733038960982823,0.981098492597976,0.980964633707754,0.980676475014637,0.9803525609455298,0.9800755027912329,0.9798649578671983,0.9797033190400353,0.9795813332083255,0.9794811561703982
"American Samoa",0.975924496732716,0.9733038960982823,0.981098492597976,0.980964633707754,0.980676475014637,0.9803525609455298,0.9800755027912329,0.9798649578671983,0.9797033190400353,0.9795813332083255,0.9794811561703982
Andorra,0.975924496732716,0.9733038960982823,0.981098492597976,0.980964633707754,0.980676475014637,0.9803525609455298,0.9800755027912329,0.9798649578671983,0.9797033190400353,0.9795813332083255,0.9794811561703982
Angola,0.9957704116799299,1.0104768635062318,1.0226318983894878,1.022622125571603,1.0224027149680055,1.0221261079397284,1.021890193516988,1.0217134634800926,1.0215691460528762,1.021445995252288,1.0213239603203017
"Antigua and Barbuda",1.0628134072314595,1.1284650277202217,1.0871059769899916,1.0844054041591737,1.0820858169904901,1.079951462855602,1.0780437969173366,1.076558072098592,1.075109816030966,1.0741905603067576,1.0728677537778537
"Arab World",0.960685776821403,0.9610720628856285,0.9340312607265532,0.933448797115516,0.9332928737937359,0.9331469007614464,0.9327455125402728,0.9320092050654103,0.9310701899689321,0.9301415494456036,0.9295119388605529
Argentina,1.0534332091024112,1.060428156437868,1.0545884333935547,1.0539872825185963,1.0533961174731419,1.0528226762828607,1.0522706104501158,1.0517438946307789,1.0512395743537368,1.0507498398719548,1.0502643977032
Armenia,1.0632960406807732,1.1303038273543862,1.1364835868385734,1.1344895467160037,1.1317442275364078,1.1291051977483735,1.1271643896373962,1.1260798225072302,1.1256464874751961,1.1256963768241184,1.125921639940486
Aruba,1.0271707221606106,1.0723295545265847,1.0977264317723965,1.0987149054596055,1.100484606613455,1.10209249093524,1.1037340215331264,1.104849068721901,1.1058459078644949,1.1066196958840857,1.1075230449003866
Australia,1.0059648452165924,1.0046811130423279,1.0004912570835358,1.0020146550146567,1.0038653556936474,1.0055831753617868,1.006858424939384,1.007607626432006,1.0079499010302453,1.008016896391609,1.0080133519713308
Austria,1.0905659123818485,1.06037863951579,1.0504384855724063,1.0488818027262552,1.0471311079652443,1.045079856730727,1.042685169253575,1.0399044474969068,1.0368385446837003,1.0337366443252545,1.0309220824561411
Azerbaijan,1.0451410830249006,1.0452815152657906,1.0164732499287767,1.0146616856668964,1.012922779897195,1.011223737769815,1.009546727755506,1.0078736171682057,1.0062224448183787,1.0046408302711773,1.0032000620346775
"Bahamas, The",1.0154091810087154,1.0530038986623318,1.0633564395069663,1.0628294232787723,1.0620580818717391,1.0612021310910162,1.060480918006068,1.0597827567977065,1.0592318895301795,1.0586790800965173,1.0582683323820998
Bahrain,0.7329943739735123,0.7433517126324017,0.6056447195855463,0.6127704765697597,0.6207533193898214,0.6243263253746621,0.6201274276502649,0.607544842531093,0.5896974829972507,0.5710493255586977,0.5559052789054248
Bangladesh,0.9387343741479324,0.9461523847383841,0.9690507406665934,0.9702252383346972,0.9709979802017791,0.9716842484558846,0.9725056257072411,0.973507837621583,0.9746168015385407,0.975788563295229,0.9769452923738131
Barbados,1.0785088418034092,1.081308353902525,1.0826703562781044,1.080812081472191,1.0786429772610953,1.076453134454578,1.0743745774171738,1.0724722808391527,1.0707759088442756,1.0692365998917164,1.067680005763066
Belarus,1.1322282884269328,1.1302400242489703,1.1512457491924175,1.1509585287158626,1.150307349119523,1.1495913750539695,1.149030055254274,1.1487140439664465,1.148577540048888,1.148506964779072,1.148317152441385
Belgium,1.0438748934475661,1.0421874439712018,1.036335488117571,1.0365704801271347,1.0366044349965635,1.0359666233222977,1.034362333950813,1.0316393953753642,1.028012751610487,1.024017806029621,1.020374474720986
Belize,0.9831872349874697,0.9861627542784636,1.0000423946946069,1.000982731163826,1.0017891987979364,1.0026750242282385,1.003647203810412,1.004876137402586,1.0063163065357488,1.007730689000933,1.0092082642756406
Benin,1.0542222688023277,1.0296290712592304,1.0122545333967727,1.010859896096853,1.0094000815040614,1.008008342136927,1.0067736508057585,1.0057065985901474,1.0047715382533027,1.0039359685373772,1.0031638414626693
Bermuda,1.0542222688023277,1.0296290712592304,1.0122545333967727,1.010859896096853,1.0094000815040614,1.008008342136927,1.0067736508057585,1.0057065985901474,1.0047715382533027,1.0039359685373772,1.0031638414626693
Bhutan,0.945669744476986,0.9551651245339694,0.902997098696472,0.9016851572262263,0.8999261684643041,0.8977911853277064,0.895446247913482,0.8928219068271276,0.889896629167913,0.8868859880592983,0.8840335678009832
Bolivia,0.9888258154083807,0.9878696056996087,0.9877573216284853,0.9881317587430815,0.9885493670613884,0.9890167215356861,0.9895384650302016,0.9901122289346153,0.9907297267686476,0.9913733375757433,0.9920202228178026
"Bosnia and Herzegovina",1.0192007202023081,1.036899214872196,1.0369736724974408,1.0375741770368976,1.0382711830080251,1.038984309307375,1.0396557989654698,1.0402578740453992,1.0407905160482236,1.0412552391187533,1.0416872835230084
Botswana,1.091306835173122,1.0659615580444866,1.0493661451231255,1.0567785773640008,1.065245602230126,1.0724098275583216,1.0766576316861467,1.0774225442738115,1.0754263082897408,1.0717136820124828,1.0677408844524747
Brazil,1.0114429866253005,1.0187923457300425,1.028178496106538,1.0289820845954574,1.0297752306258454,1.0305664827627148,1.0313610644156437,1.0321603331005984,1.03296077549661,1.0337569879367932,1.0345424631991367
"British Virgin Islands",1.0114429866253005,1.0187923457300425,1.028178496106538,1.0289820845954574,1.0297752306258454,1.0305664827627148,1.0313610644156437,1.0321603331005984,1.03296077549661,1.0337569879367932,1.0345424631991367
"Brunei Darussalam",0.8961837543882794,0.9743228108018418,0.932267944086697,0.9287316427059062,0.9258051152137371,0.9236445917461986,0.9224321669508488,0.9223284076911453,0.9230939997462895,0.9244162311298535,0.9259165422089467
Bulgaria,1.0290450096526558,1.0519687183075457,1.0537357149045703,1.0541342686638504,1.0547272827545637,1.0554112209230366,1.0561082216646707,1.0568077477335016,1.0575229692058385,1.0582099732272972,1.058825213445156
"Burkina Faso",1.0463698036783884,1.0358888589950501,1.0149104448664228,1.0130949450941393,1.0113528125204327,1.0096869652167701,1.0081022081045143,1.006598849462832,1.0051755811193464,1.0038266563916391,1.0025457804925062
Burundi,1.0411509645537202,1.036723385722788,1.022462813701192,1.0217326704420595,1.0210494182456256,1.0203492118741395,1.0195923735169408,1.0187648152015638,1.0178954331029169,1.0170232811662423,1.0161920227508743
"Cabo Verde",1.1096822523253635,1.0784412709815838,0.997293466684817,0.9950522026188182,0.9946289995049948,0.9947616573331024,0.9946744617443134,0.9941505977052922,0.9934983773759851,0.9927840567600451,0.9922654735812487
Cambodia,1.0706481216606532,1.0576052113011511,1.0518429079924583,1.0512420041489883,1.0508816508017793,1.0505969545731344,1.0502684057639442,1.0498887573115154,1.0494972339095776,1.0490956818523147,1.048688489796162
Cameroon,1.0115040781318356,1.0089884227002253,1.002846813898307,1.0024672402372659,1.0021353282652312,1.0017998837144855,1.0014273839872532,1.001013865444174,1.0005761642283857,1.000139523015309,0.9997319922435403
Canada,1.0166970409009262,1.0187260427950529,1.0157119426695416,1.0160107888467242,1.0163652077086485,1.0166293481667235,1.0167033833064114,1.0165586332106404,1.01623317454871,1.0157848300051295,1.0152967187280018
"Caribbean small states",1.018938801439338,1.0129646154509102,1.01605654521099,1.015838030411199,1.0156308067861404,1.015468755805678,1.015361705618546,1.0153402710527222,1.0153990502966141,1.0155302551221956,1.0157489977683865
"Cayman Islands",1.0166970409009262,1.0187260427950529,1.0157119426695416,1.0160107888467242,1.0163652077086485,1.0166293481667235,1.0167033833064114,1.0165586332106404,1.01623317454871,1.0157848300051295,1.0152967187280018
"Central African Republic",1.0305501236025532,1.0280636603592372,1.0195121326963965,1.0190411998791238,1.0186170840405544,1.0182553625890525,1.0179828570017044,1.0177918551714262,1.0176796123409595,1.0176126903033136,1.0175312163049284
"Central Europe and the Baltics",1.0550047667007334,1.065723792615456,1.0705388980286499,1.0697129192405408,1.0687932522780892,1.0679207573880545,1.0672065283902876,1.066685160847705,1.0663364440478071,1.0661341699881297,1.0659880870462626
Chad,1.0161794692428134,1.0090874335466093,1.0045239263600725,1.0043445821827919,1.0041974613908744,1.0040579670182193,1.0039057130230387,1.003741173229613,1.0035697088555864,1.0034017475359949,1.003245768272144
"Channel Islands",1.0566837726800884,1.0531819250612042,1.0284234796084213,1.026992207532302,1.0258452515563066,1.0248759902272895,1.023924616043566,1.022965799743074,1.0221196499220717,1.0213996941207155,1.0205860273072773
Chile,1.0360022975653935,1.0325934803235648,1.032009955372266,1.0320709286051957,1.0320867544517618,1.031959586348413,1.0316293224978883,1.0310706130421707,1.030331240613926,1.0295103827711223,1.0287405766034827
China,0.9489363482678255,0.9489197028088271,0.9460198168007653,0.9461967332216926,0.9464650749210881,0.9467972491810664,0.9471727055014175,0.9475857782972626,0.9480398622663405,0.948534297469777,0.9490707029767423
Colombia,1.0289272539540477,1.039910369460883,1.0408732463334203,1.041005111181543,1.0410636860443117,1.0409175947856333,1.0404961084051587,1.039746544120256,1.0387527661953289,1.0377294448515804,1.0369461364219508
Comoros,0.9943115745406621,0.9877332766481463,0.983724658391894,0.9834581892512481,0.9832063804521092,0.9829848571495718,0.982804661257948,0.982680034191357,0.9825734489906778,0.9825026081737067,0.9824606774819609
"Congo, Dem. Rep.",1.026566612471913,1.0165908512295765,1.007999704493388,1.0072883671482051,1.0066075463033979,1.0059693044802402,1.0053816986580157,1.0048459589984993,1.004358832562924,1.0039173696050534,1.003517178091153
"Congo, Rep.",1.0337772415899924,1.0264111577276336,1.0085766295756153,1.007405264422863,1.0063326656785665,1.0053696957638079,1.0045204022831933,1.003784300883902,1.0031630734883488,1.002627598529217,1.002153786615861
"Costa Rica",0.9850451838950484,0.9924944019784285,0.9968330548392672,0.9972452670868209,0.9976800978344069,0.9981491041989334,0.998658436984262,0.9992071471825366,0.9997923428653614,1.0003941217047825,1.000984325713101
"Cote d'Ivoire",0.9208181464984856,0.9406909116984921,0.9711665412307147,0.9728386608912479,0.9743591256310685,0.9757812484324083,0.977144651595309,0.9784608198930425,0.9797260404035559,0.9809479415840232,0.9821293041475155
Croatia,1.0625005666366907,1.0773022186766044,1.0768870240592778,1.0778029875163107,1.0787607999906215,1.0794479322234805,1.079622822597003,1.0792131926852084,1.0782713064667537,1.076956532121661,1.0755113641582277
Cuba,0.9966753439968526,1.0058098815940073,1.011069529531572,1.0114731742252137,1.0117588197388696,1.012015969569841,1.0123098885665183,1.012650902976422,1.0130203349643296,1.013403228011855,1.0137931757478063
Curacao,1.0840499942667126,1.1298329355608592,1.1806155936908151,1.1827889086629542,1.1835138472894517,1.183446537357328,1.1828280874347141,1.1816790555312637,1.1802009037948495,1.1784472769409038,1.1765404807958
Cyprus,0.972608908216041,0.984085918372498,1.0037783509929528,1.0027596380004271,1.0004477050742824,0.9981809259069793,0.9968988328052921,0.996807325234758,0.9976022270839966,0.9988419720426168,0.9999649590020324
"Czech Republic",1.0600023603590456,1.055605645253755,1.035997041466604,1.0354291200708918,1.0353960818187151,1.0354390650245744,1.0352142588482405,1.0346405639046927,1.0338303731964755,1.032875044080985,1.031927266065375
Denmark,1.02740399688452,1.0209627514320914,1.0143601537554738,1.0133238084401883,1.012332179677815,1.0115224192981542,1.0109867752500163,1.0107537224153715,1.0107951998855953,1.0110283755395824,1.011337152828429
Djibouti,0.9881264269502495,0.9890731588328071,0.8731889066624536,0.874177746978146,0.8797627560140967,0.8864751285189204,0.8918785214255849,0.8954738521423005,0.8980830124950995,0.8999425412613183,0.9016737995386259
Dominica,0.9881264269502495,0.9890731588328071,0.8731889066624536,0.874177746978146,0.8797627560140967,0.8864751285189204,0.8918785214255849,0.8954738521423005,0.8980830124950995,0.8999425412613183,0.9016737995386259
"Dominican Republic",0.9874221300970657,0.9957647852625742,0.9935333947788135,0.9945565451103001,0.9955300170831674,0.996490245356793,0.9974627819643818,0.9984349242342266,0.9993843882222455,1.0003118909702953,1.001222839708859
"Early-demographic dividend",0.9602511653287891,0.9617339970475154,0.9617215645117748,0.9620655489385576,0.9624331915527753,0.9627741124629313,0.9630549042717448,0.9632649082552599,0.9634187963044347,0.9635409273265502,0.9636668067465008
"East Asia & Pacific",0.9704157800052021,0.9724101449585996,0.9702307046085744,0.9704540949017229,0.9707899890251418,0.9711815523049345,0.9715853008792847,0.9719822637312495,0.9723895374835704,0.9728268144146522,0.9733054182018623
"East Asia & Pacific (excluding high income)",0.9652259955459318,0.966964377339723,0.9638243262152387,0.9640293190569098,0.9643609852612401,0.9647533893116749,0.9651607171815159,0.9655681206199614,0.9659901526945598,0.9664463515561836,0.9669473502879721
"East Asia & Pacific (IDA & IBRD countries)",0.9640890240999218,0.9659307897589371,0.9628257166103333,0.963039195849272,0.9633806989613414,0.9637832485760138,0.9642001711772604,0.9646165602135364,0.9650471231775704,0.9655111663979258,0.9660198678543402
Ecuador,0.9890195922901518,0.9922712064223376,0.9964336589982892,0.9967819942396432,0.9971204291994684,0.9974543217927585,0.9977946897568662,0.9981400016211829,0.9984854223238105,0.9988256968922092,0.9991579301052069
"Egypt, Arab Rep.",0.9901202818888958,0.9864565293631039,0.979313102714734,0.9790609239785732,0.9788835997817702,0.978780736841025,0.97874879352413,0.9787874532228533,0.9788869478781471,0.9790212707860522,0.9791587761170825
"El Salvador",1.049835937791718,1.075998300539984,1.1161629739422283,1.1190475786066632,1.1217417862997148,1.124264410369169,1.1266425259647035,1.128866899577418,1.130930289421374,1.1328328511209362,1.134567437355996
"Equatorial Guinea",1.0151331602730507,0.9279094471159962,0.8306855241141093,0.8240933847734988,0.8182682741018144,0.8132548321374503,0.8089791975627804,0.8054300524909036,0.8025753095942066,0.8003708094814994,0.7988074155142109
Eritrea,0.9996219700054889,1.0090073431142201,1.0005240995540174,0.8240933847734988,0.8182682741018144,0.8132548321374503,0.8089791975627804,0.8054300524909036,0.8025753095942066,0.8003708094814994,0.7988074155142109
Estonia,1.1384306558898443,1.1440389092756387,1.1461467821678128,1.1450608474532291,1.143642248389825,1.141402672548467,1.1379658388878866,1.1332176845381885,1.1274550651615716,1.1212690608647933,1.1155339666481148
Eswatini,1.1121432442080554,1.079562095126209,1.1149245692843996,1.1064210156524454,1.0959719364288374,1.0849282569953238,1.074362168448781,1.0644931726193123,1.055278108217253,1.0470397682333377,1.0400718564151041
Ethiopia,1.0053226542175064,1.0056316547002258,1.0035579742105383,1.0027333570510093,1.001854047666883,1.0010380916754344,1.0003625572474342,0.9998406937498616,0.999445191668013,0.999155876016437,0.9989425531144567
"Euro area",1.057428957521194,1.0537583195751168,1.0492939544908648,1.0492720906022819,1.0491919199283122,1.0489086155466576,1.0483318110398643,1.0474620462126185,1.0463624018498978,1.0451358462841653,1.0439340063803864
"Europe & Central Asia",1.0713170110520895,1.0700111641571894,1.0686652623412214,1.0682129866806918,1.0676533860550235,1.0669683100886331,1.0661859977951327,1.0653038088780287,1.0643492708470672,1.063363738794241,1.0624201818629115
"Europe & Central Asia (excluding high income)",1.0935996415064058,1.0925818945851664,1.0969702235657495,1.096445788730205,1.0957404742971792,1.0948879500987498,1.0939792066422824,1.0930011846461807,1.0919643191691164,1.0909128806728114,1.0899317067394518
"Europe & Central Asia (IDA & IBRD countries)",1.0859569733538252,1.0869246108190997,1.0924562991128244,1.091895827254081,1.0911454556490863,1.0902853962527947,1.0894325647053276,1.0885862784426705,1.0877402206564748,1.0869127346057355,1.086147093883125
"European Union",1.054538521741679,1.0540867711842772,1.0512094479276282,1.050965227097448,1.0506575019140096,1.0502150283066118,1.0495974931440912,1.0488169494617072,1.0479148131930653,1.0469552717280615,1.0460215497925107
"Faroe Islands",1.0053226542175064,1.0056316547002258,1.0035579742105383,1.0027333570510093,1.001854047666883,1.0010380916754344,1.0003625572474342,0.9998406937498616,0.999445191668013,0.999155876016437,0.9989425531144567
Fiji,0.9686533166525709,0.9685901745988208,0.9600187046995557,0.9617856494920174,0.9638898090125737,0.9660388917882508,0.9680290188028611,0.9697025799882143,0.9711579718251642,0.972408080889264,0.9734720306547394
Finland,1.0606057475434794,1.0484869471613811,1.0364601699005367,1.0352463398075114,1.0340414805983456,1.0328955008769554,1.0318422117234722,1.0308918763999724,1.0300365930469157,1.0292519266860412,1.0285047499954987
"Fragile and conflict affected situations",1.0081887060149268,1.0044693087303815,1.0017368701053904,1.0012330642701928,1.0006475161865016,1.0000967794901612,0.9996546918223046,0.9993380026619362,0.9991113883750007,0.9989293695775475,0.9987327824662311
France,1.054863293506124,1.061630578273966,1.0641170756312885,1.0638367692103576,1.0636476943109134,1.0636140632330644,1.0637729534027662,1.064168617354117,1.0647696445750063,1.0654431682384105,1.0660040100139438
"French Polynesia",0.9229955269106825,0.9438378291067678,0.955955955955956,0.9593129971156368,0.9631805604978976,0.9667817614569987,0.9695968846902718,0.9714876537448034,0.9726574500768049,0.9733432825214086,0.9738573639685355
Gabon,1.0394316583076477,1.0127051644838712,0.972795289560188,0.9695818774539822,0.9669591912508917,0.9650119801266545,0.9637316513229599,0.96310632340116,0.9630562033615346,0.9634260906301418,0.9640144170140292
"Gambia, The",1.0041000882934614,1.0078824864955467,1.0152428785149452,1.0154602364158236,1.0156192423481931,1.0157833356737447,1.0159079926548757,1.0160211251090494,1.0161261386786,1.0162156617578137,1.0162903684313134
Georgia,1.103468576755139,1.1050579659711302,1.0981577924341135,1.0969723622188057,1.0956190435389925,1.0945252759493158,1.094021043211771,1.0941968772771375,1.0949444907739374,1.09605149924911,1.0972198342802737
Germany,1.0724293886989096,1.0534773543643923,1.0388862098825717,1.0376844763323565,1.0364207373017513,1.0349723501830526,1.0332696693647874,1.031267245854822,1.0290383943533246,1.0267682454114624,1.024699109228145
Ghana,0.9861216086463301,0.9812377571920988,0.9765226475117936,0.9759581969989304,0.9754109697811064,0.974901543173382,0.9744435898124877,0.9740429699277042,0.9736943285518621,0.9733919552433385,0.9731245643754559
Gibraltar,0.9861216086463301,0.9812377571920988,0.9765226475117936,0.9759581969989304,0.9754109697811064,0.974901543173382,0.9744435898124877,0.9740429699277042,0.9736943285518621,0.9733919552433385,0.9731245643754559
Greece,1.016955271022643,1.0118789730707654,1.0370396051427417,1.037585435069716,1.0375195548871934,1.0372490848437557,1.0370783902445084,1.0370829105940127,1.0371820016464635,1.0373322025031386,1.037430481143117
Greenland,1.016955271022643,1.0118789730707654,1.0370396051427417,1.037585435069716,1.0375195548871934,1.0372490848437557,1.0370783902445084,1.0370829105940127,1.0371820016464635,1.0373322025031386,1.037430481143117
Grenada,1.0276368688038056,1.010774134256272,0.9788030387252177,0.9792944644008473,0.9803013382641012,0.9814053345948109,0.9823647512073362,0.9832185189848374,0.9837540927877476,0.9844030980147779,0.9849185673525086
Guam,0.8745259165613148,0.9555457635654035,0.969220904135941,0.9709280839636355,0.9724435590969456,0.9741788354728362,0.9757928660367685,0.9772727272727273,0.978597839309157,0.9799813669047562,0.9813112890236392
Guatemala,1.0124814514943652,1.0380059907005927,1.035240892301159,1.0346309811565344,1.0340443258352754,1.033447974246181,1.0328237286183504,1.0321702393187961,1.03150410110205,1.0308422610783858,1.0302053091424144
Guinea,1.0834357184417172,1.0948539032390334,1.096870009594457,1.0955171164252133,1.0936623180723133,1.0911878687974286,1.0880663324909534,1.084310550249387,1.0800661275318162,1.0755977054983874,1.071211589220047
Guinea-Bissau,1.0695105803264495,1.068199034508405,1.0610200736592397,1.0591648790401216,1.057374061656677,1.0555722895224584,1.0536924335494366,1.0517661928348525,1.0498012591591777,1.047872322990406,1.046004484137762
Guyana,1.0268396899106433,1.006796687924793,1.0144650347964448,1.011913291056642,1.0079521022692715,1.0037272297758413,1.0,0.9969916947994119,0.9944967582587219,0.9923528825029349,0.9904237844105517
Haiti,1.0333043463187455,1.030889227858085,1.0269544288855537,1.026537122396482,1.0261711777877434,1.0259258391482553,1.025835432462221,1.025928593668993,1.0261606218419552,1.0264330278398306,1.026609891508827
"Heavily indebted poor countries (HIPC)",1.0123824575958378,1.0114667827511215,1.009378886390547,1.008788853600805,1.0081015419631363,1.0074132635982351,1.006788051776727,1.0062374629900332,1.0057426681993469,1.0052971023395616,1.004887051392325
"High income",1.032236418559913,1.029382075919326,1.0152836620302021,1.0144561626199782,1.0137988440191126,1.0131315544401664,1.0123322052859243,1.0113717524836243,1.010307525154909,1.0092299812850138,1.0082918842136976
Honduras,1.0133490490910213,1.0108606820614774,1.00441290475065,1.0040139694579298,1.0036547796565705,1.0033131344945596,1.0029742672690811,1.0026356053629741,1.0022995940618702,1.0019753474137043,1.001669132952488
"Hong Kong SAR, China",0.968306962724141,1.0328941488944747,1.1331521821100698,1.1394187325482723,1.145116989539309,1.1505059690335468,1.1557753390749321,1.1609429140653627,1.1659320112368143,1.1707248432189539,1.1752773932136815
Hungary,1.0821860289049663,1.1019168028871538,1.1070417946097808,1.106430749369368,1.105725576403809,1.104991105522342,1.1042654920040063,1.1035768009503155,1.1029196696075703,1.102272732160315,1.1015962535033061
"IBRD only",0.9743927460786792,0.973846723776178,0.9723955520199122,0.9725006847161951,0.9726562731432097,0.9728369543650912,0.9730364651329725,0.9732467183876493,0.9734686815777037,0.9737077758743006,0.9739659304787176
Iceland,0.9916372276237221,0.9983016159520188,0.9856590667189513,0.9874204482782126,0.9896756431213972,0.9917867224763944,0.993161620726013,0.993528027385537,0.9932783450101289,0.9924925857929671,0.9916379571700246
"IDA & IBRD total",0.9776668747532545,0.977720262956197,0.9777740767227879,0.9779874009174431,0.9782224256068308,0.9784560391355929,0.9786812404940886,0.9788906032293239,0.9790865954382639,0.979278663388405,0.9794733349168981
"IDA blend",0.9703204052969541,0.9726759314903336,0.9726492806392463,0.9725780530832855,0.9725045876582424,0.9724034382755075,0.9722584967434159,0.972065877174978,0.9718392124249033,0.9716042190560636,0.9713917240591118
"IDA only",1.0022791396972677,1.0021668314491488,1.0067712000967939,1.007352004813977,1.0078211391912344,1.0081647197215071,1.0083760885451525,1.0084557167285186,1.0084117989700283,1.008258746384856,1.0080159617157218
"IDA total",0.9914613748995403,0.99220259060934,0.9952123358491073,0.9955576519770358,0.9958280942712454,0.9960071724380817,0.9960865727487958,0.9960658222017884,0.9959551191279773,0.995772632864037,0.9955417805488234
India,0.9266708946985966,0.9231869073045507,0.9222287805138466,0.9224500591927657,0.9227081088331345,0.9229759659088512,0.9232347600516293,0.9234798647548289,0.9237164097929307,0.923947867006166,0.9241808957143118
Indonesia,0.9914449716748858,0.9981688616872694,0.9847565873185484,0.9847388921406142,0.9849787282380167,0.9852878182892653,0.985534581543486,0.9856868417389353,0.9857840265086667,0.9858560210539882,0.985954653681717
"Iran, Islamic Rep.",0.9609319745067997,0.9655049024852254,0.9838051656844431,0.9820041357160526,0.9793439945697787,0.9769642581658242,0.9756336416273517,0.9755409291133678,0.9763814749291617,0.9778140526272828,0.9793294311513824
Iraq,0.9827933266386937,0.9825033271512246,0.9796326301609437,0.9793098572824365,0.9789078357458243,0.9784699366086107,0.9780238667858633,0.9775671806217967,0.9770935791493831,0.976623715257072,0.9761791925330479
Ireland,1.0097560250231918,1.011780405044606,1.014784197695094,1.0169400701878708,1.0188056787281716,1.0200839999375466,1.0205559716741417,1.020108326253186,1.0188522992985192,1.0171665602269755,1.015546991757435
"Isle of Man",1.0097560250231918,1.011780405044606,1.014784197695094,1.0169400701878708,1.0188056787281716,1.0200839999375466,1.0205559716741417,1.020108326253186,1.0188522992985192,1.0171665602269755,1.015546991757435
Israel,1.0037115962443737,1.0294546836871084,1.0234993578363893,1.0219222843670557,1.020161256969174,1.0183659335737805,1.016638755724671,1.0150147601127992,1.0134733773356746,1.0119965988043267,1.0105536689889536
Italy,1.0570797222281358,1.0664470594519924,1.066637424415463,1.0657041008792816,1.0642022490893244,1.062511716090686,1.0609048035351798,1.0594290910117377,1.0580050720650298,1.0566258866175215,1.0552601867252136
Jamaica,1.0266201028424031,1.010572028619229,1.0105245708496493,1.010585858357197,1.0110736385355024,1.0117016021483256,1.0122663132639473,1.0127486728789437,1.0132109401223979,1.0136861952418394,1.0142356364361786
Japan,1.0291846679598202,1.0363279768022071,1.044978717635028,1.045449988820694,1.0458564652339084,1.0462199143325877,1.0465589958244665,1.046877536293634,1.0471770383569312,1.0474709839759537,1.0477750485808601
Jordan,0.9089030107102077,0.9292821554056319,0.9645321235119173,0.9678795913964529,0.9706658186128538,0.9728310367966354,0.9743796143146211,0.9753593671217499,0.9758307980081617,0.9758816091787498,0.9756059448335127
Kazakhstan,1.060430298206576,1.079183917966003,1.0679616343255731,1.067274583995819,1.0667150724600758,1.066119885323154,1.0653786761745228,1.0644625690564307,1.0634249664938087,1.0623440321561615,1.0613260743146822
Kenya,1.0071465838604954,1.0145552293259275,1.0138073567660175,1.013620454558252,1.0134640118306337,1.0133173452015924,1.0131659236026596,1.0130104539980749,1.012860163948303,1.0127211880993776,1.0126023332096208
Kiribati,1.021499371771604,1.0293353852072713,1.0330007376635477,1.033959882976079,1.034854114407499,1.0354843511592422,1.0357116640974822,1.035675519212678,1.035301039419494,1.0345451352300667,1.0339668978398853
"Korea, Dem. Peopleâ€™s Rep.",1.0582760470169732,1.0513182152328466,1.0463254546374388,1.0459791109037684,1.0456398603452899,1.045337595461392,1.0450967781229064,1.0449241444085933,1.0448108130753144,1.044732747135113,1.0446622787349686
"Korea, Rep.",0.9948926264938736,0.9930765260632681,0.9959478810691502,0.9958981786779402,0.9957651885398375,0.9956771377203446,0.9957212927233067,0.9959257129943806,0.9962582821134256,0.9966807900778958,0.9971308172084382
Kosovo,0.9948926264938736,0.9930765260632681,0.9959478810691502,0.9958981786779402,0.9957651885398375,0.9956771377203446,0.9957212927233067,0.9959257129943806,0.9962582821134256,0.9966807900778958,0.9971308172084382
Kuwait,0.7599147988315076,0.7109676048396137,0.729054441260745,0.7258855021315544,0.7199996683281152,0.7113526486051395,0.7001800982362075,0.6861666472774814,0.6700610570289697,0.654209519803637,0.6414304157649121
"Kyrgyz Republic",1.0389807882059319,1.0224983536027714,1.0235697846457341,1.0230862456329486,1.0222970304451238,1.021548168828285,1.0210755885459377,1.0209242699392376,1.0210036740778612,1.0212172185151016,1.0214394236569992
"Lao PDR",0.9994159235028814,1.0090017709948553,1.0120914403886758,1.007016505761445,1.001727140028704,0.997138332478603,0.9938284805006781,0.9920003934041945,0.9913983366623381,0.9916096668911685,0.9920536856211415
"Late-demographic dividend",0.9833970251656864,0.9832309143943335,0.9789609948640156,0.9790138715110286,0.9792216491929033,0.9794852591368325,0.979737717115897,0.9799593940098601,0.9801701265275691,0.980402136562364,0.9806940042256301
"Latin America & Caribbean",1.016488439901524,1.0243476759373282,1.0294811170350269,1.0299240272287449,1.0303980832638755,1.0308706073217269,1.0313200891385137,1.0317451649692193,1.0321504091205447,1.0325235428490038,1.0328757868798788
"Latin America & Caribbean (excluding high income)",1.0153017409562186,1.0235751553449048,1.0289647706285148,1.0294309148135545,1.0299283845595644,1.0304271999230183,1.0309053992391666,1.0313620699693562,1.0318020663632856,1.032216248963653,1.0325956806437135
"Latin America & the Caribbean (IDA & IBRD countries)",1.0165011093852983,1.0242567747140512,1.0294060599852273,1.029851881294995,1.0303290601817465,1.0308037549402806,1.031251408393087,1.0316702352291218,1.0320664149728624,1.0324343947506904,1.0327696377114373
Latvia,1.1462692653615167,1.1761729945162518,1.1839101543903325,1.1838657594775002,1.1835655971141068,1.182801714464011,1.181518625115969,1.1795955005188885,1.1771249478767336,1.174393887424631,1.171814840593006
"Least developed countries: UN classification",1.004515548447911,1.004903001203473,1.009681936597847,1.010274681294366,1.0107572569804681,1.0111011818911115,1.0112907259697184,1.0113264182870096,1.0112222701593276,1.0109964832047862,1.010673803876692
Lebanon,1.02620214862245,1.006973368854758,0.9729722144792656,0.97741195758155,0.9815073151284294,0.9847354614651536,0.986934191612796,0.9881521775517345,0.9885550857835803,0.9883008594291607,0.9875964268153522
Lesotho,1.1911961025899565,1.08133234495497,1.0531698410161197,1.0482057526913964,1.0430903201634054,1.0384570494282468,1.0347384315577894,1.0320734484024972,1.0302940579728435,1.0290927501051539,1.0280358492438528
Liberia,1.0118545510931927,1.0058518118434756,0.9965306836456596,0.9957808146989602,0.994970702345409,0.9941344748152472,0.9932912618373438,0.9924511844273208,0.9916053373451519,0.9907739847272742,0.9899811213985964
Libya,0.8968731054403416,0.9266211383189655,0.962548954255121,0.966405845269051,0.9700387221533544,0.9732233106971219,0.9757841335512808,0.97761862594313,0.9788074396176811,0.9795625591513798,0.9801952774162936
Liechtenstein,0.8968731054403416,0.9266211383189655,0.962548954255121,0.966405845269051,0.9700387221533544,0.9732233106971219,0.9757841335512808,0.97761862594313,0.9788074396176811,0.9795625591513798,0.9801952774162936
Lithuania,1.1132857661282256,1.1365914771665773,1.1740814531617396,1.1746465566935873,1.1742373564139394,1.1731233404403063,1.1715365162092843,1.169418055849696,1.166817331455897,1.1641257344318978,1.1619128297741617
"Low & middle income",0.9768107611583178,0.9768846524978838,0.9769741581526153,0.9772087081237734,0.9774671865635522,0.9777231333204933,0.9779676801526225,0.9781922015477721,0.9784000003272739,0.9786012912444169,0.9788045166982706
"Low income",1.0197345758497827,1.014596303500897,1.0108703617569432,1.0102367996963812,1.009482358377436,1.0087417458150751,1.0081046183372124,1.0075869703026386,1.0071549185192352,1.0067838282590669,1.0064360931078244
"Lower middle income",0.9599931937967738,0.9587320886839996,0.960126262592339,0.9605563006645901,0.9610180199477526,0.9614424038217978,0.9618032612856624,0.962085794682647,0.9623034074762952,0.962468936401494,0.9626009298264453
Luxembourg,1.043792885663209,1.0304072448727912,1.009198137890669,1.0050755095335742,1.000795369183863,0.9965582707374058,0.9924723133644422,0.988608485892153,0.98497461928934,0.9817391190966699,0.9791389301278675
"Macao SAR, China",1.024436344793881,1.0877089382884753,1.082107690272344,1.0822160038983477,1.0832022398937782,1.0841487487155221,1.0845147955421224,1.0841855387513986,1.0833877115311896,1.0823942872590844,1.0813536297634756
Madagascar,1.002829675695025,1.008386233462009,1.0072079219107792,1.0068736999947283,1.0065188203991007,1.0061679542261546,1.0058350601048933,1.0055258668929261,1.0052393908843444,1.0049710553632836,1.0047163706877513
Malawi,1.017101987782211,1.0257283440960248,1.0319285535702234,1.0314067038246668,1.030818971955583,1.0302340169395345,1.0297009757297246,1.0292366754337339,1.0288277601095162,1.0284599970551338,1.0281094407931302
Malaysia,0.9657294671938027,0.9626198425318379,0.938375055832136,0.9388980318505016,0.9399647777914706,0.9411891026363891,0.9422933283029086,0.9432081827920518,0.944003013905062,0.9447126023093959,0.9454100727765026
Maldives,0.9507329737667946,0.9767654113102355,0.8097437312126632,0.7762738390681244,0.7418855935755361,0.7081517257627518,0.6763767282804163,0.6456982865132569,0.6170763091456959,0.5940059717731715,0.5799022218783755
Mali,1.0258085876468517,1.016503301415566,1.0013478978714205,1.0009257389100723,1.0006321806718361,1.000302155807268,0.9998305070751256,0.9991968906526062,0.9984489464483864,0.9976427474431946,0.9968458661505905
Malta,1.0308262183409118,1.0159847439495187,1.0120743408173623,1.0084348641049672,1.004493990757908,1.000948539433455,0.9982354763540362,0.9964311550518447,0.9954675501319655,0.9949450250896352,0.9946151862066229
"Marshall Islands",1.0308262183409118,1.0159847439495187,1.0120743408173623,1.0084348641049672,1.004493990757908,1.000948539433455,0.9982354763540362,0.9964311550518447,0.9954675501319655,0.9949450250896352,0.9946151862066229
Mauritania,1.0142617956357163,1.0110614461921466,0.9992411140623342,0.9983426909652396,0.9974487032914134,0.9965644570633321,0.9956642167428014,0.9947452414683237,0.9938275053586826,0.9929308806776651,0.9920821958569301
Mauritius,1.0052860649403779,1.0166086426108956,1.0174553467872884,1.0175362218727257,1.0177544009272366,1.0182338808939595,1.019024424565926,1.0201959959771099,1.0216502673711303,1.0233549585911228,1.0250857578046002
Mexico,1.0207594107989697,1.0367349510072834,1.043749268893841,1.0439824444390067,1.0443288630398893,1.0446363751730052,1.0448015270754487,1.044808819670771,1.0447085991787364,1.0445415973235095,1.0443684688747614
"Micronesia, Fed. Sts.",0.9553105520700087,0.9754998436551584,0.9700258988421694,0.969581605729363,0.9688115683431843,0.9682359406484704,0.9674604321746043,0.967211651733124,0.9669119593414156,0.9667551333985194,0.9667697731082272
"Middle East & North Africa",0.9577045935919443,0.9591185230394036,0.9360985946363176,0.9350984925525775,0.9343796857126738,0.9337376712565311,0.9330427410760795,0.9322451759637705,0.9314147590770875,0.9306872911961667,0.9302435164955399
"Middle East & North Africa (excluding high income)",0.9801447591223639,0.9798737712553584,0.985339779569412,0.9849629069976747,0.9843197988874555,0.983731483694642,0.9834114631064365,0.9834071153583754,0.9836304641232725,0.983987220421923,0.9843425205641936
"Middle East & North Africa (IDA & IBRD countries)",0.9802109303939059,0.9799817478351472,0.9855068627690777,0.9851276038077911,0.9844794777645473,0.9838861032854053,0.9835626854695336,0.9835570154440705,0.9837802172623812,0.9841387895770202,0.9844963979831788
"Middle income",0.9735861178915575,0.9736642430815615,0.9735327494714167,0.9738073821547143,0.9741237219517946,0.9744379192596443,0.9747298798317031,0.9749880407129876,0.9752191483478051,0.9754357374323892,0.9756510001624089
Moldova,1.0981060424045248,1.0893208060060284,1.0792978542719707,1.0791189263314336,1.0793829408217612,1.0799949327903071,1.080853269279898,1.0819643873437321,1.0833346566097657,1.084878280291631,1.0864683701419982
Monaco,1.0981060424045248,1.0893208060060284,1.0792978542719707,1.0791189263314336,1.0793829408217612,1.0799949327903071,1.080853269279898,1.0819643873437321,1.0833346566097657,1.084878280291631,1.0864683701419982
Mongolia,1.0256293733857018,1.0051957045942508,1.0176525167836559,1.0190280614050073,1.0204088643599252,1.021769671130671,1.0231317110165592,1.0244810227197456,1.025807127391585,1.0271453399817634,1.0284936714274573
Montenegro,1.0083264608566915,1.0221620537505014,1.02413307958726,1.023604331536678,1.0233108053090139,1.0231858971438983,1.0230378783691068,1.0228483569921694,1.0227274204556533,1.022614461943537,1.0224665407508786
Morocco,1.0044995559106547,1.017956112995028,1.0269695399162473,1.0250012457554463,1.0226722409643931,1.020471544152398,1.018725077582676,1.017535860843466,1.0167816430345826,1.0162854622619895,1.0157873204892218
Mozambique,1.0930581717522954,1.0913489445209312,1.071531975264075,1.0700534384912832,1.0685711062478949,1.0670666409785596,1.0655303628052408,1.063958981195685,1.0623710703450564,1.060801549152409,1.0592939788881588
Myanmar,1.0540478586126183,1.064526727418288,1.0744865117895441,1.0747301077615836,1.0747617977943504,1.0747278201903854,1.0747322596492428,1.0748036171247368,1.0749123354998238,1.0750287686551956,1.0751052086866926
Namibia,1.076517421875453,1.0739484474605105,1.0684902339722533,1.0678588253029075,1.0672551398850265,1.0666606063360757,1.0660466187276374,1.0654132506481677,1.0647713122101172,1.0641410551821997,1.063530667196089
Nauru,1.076517421875453,1.0739484474605105,1.0684902339722533,1.0678588253029075,1.0672551398850265,1.0666606063360757,1.0660466187276374,1.0654132506481677,1.0647713122101172,1.0641410551821997,1.063530667196089
Nepal,1.0120909720968725,1.0085238336294524,1.0542074564831603,1.0849724475546407,1.1201914401402209,1.1534338869488518,1.1789896597521432,1.194512609793528,1.200937778357391,1.1995107459999779,1.19275062809694
Netherlands,1.0217816520547407,1.018850576402888,1.0133544401125292,1.0130033946606931,1.0126540995993838,1.0122087861596372,1.0116050187279617,1.0108149861164228,1.0098789869849942,1.0088769302869987,1.0079219363054728
"New Caledonia",0.9602105890989172,0.9781616446489535,0.9844582627895546,0.9838990126463987,0.9833747084931919,0.9831463999289751,0.9832833386725689,0.9840017217877897,0.9851301115241635,0.9865308092004503,0.988077063890635
"New Zealand",1.0317447145532304,1.0375007460325592,1.0357113171897339,1.03497229213562,1.0344017747717875,1.0339975310769043,1.0337619440422285,1.0337114584118747,1.0338394845462733,1.0340814741859472,1.0343392493424703
Nicaragua,1.0159053023954077,1.021809836761245,1.0300153479563627,1.029843058950865,1.0295253402179818,1.0292018907447127,1.028975773535521,1.0288722847951102,1.0288671292228644,1.0289207311945112,1.0289939441733127
Niger,1.0449861274238792,1.018726324867665,0.9997741386274709,0.9983282498818927,0.9969037842121808,0.9955396319338083,0.9942579120838692,0.9930575595366952,0.991931755375249,0.9908818235075582,0.9899096492633591
Nigeria,0.987863093810798,0.9835698175452224,0.9767626044590272,0.9762475930443324,0.9757624215822296,0.9753078155663345,0.974883777695167,0.9744904952309853,0.974127321215475,0.9737925150181751,0.9734842839774172
"North America",1.0382277054669309,1.029050224450868,1.0234218654174874,1.0228520947651003,1.0222552779474208,1.02170550510306,1.0212550177272297,1.0209111977627277,1.0206579828197306,1.020484676228156,1.020373755640475
"North Macedonia",0.9880828246673379,0.996212254988522,1.0004507678497312,0.9999247959366666,0.9993769002375869,0.9989176968589157,0.998592843494208,0.9984546335541411,0.9984891316346463,0.9986585784769972,0.9988937989419614
"Northern Mariana Islands",0.9880828246673379,0.996212254988522,1.0004507678497312,0.9999247959366666,0.9993769002375869,0.9989176968589157,0.998592843494208,0.9984546335541411,0.9984891316346463,0.9986585784769972,0.9988937989419614
Norway,1.022590305429055,1.018551845835622,0.9971976021151451,0.9941077625033725,0.9912164373788472,0.9885984942766021,0.9862833093243714,0.9842928880729438,0.9826136092953845,0.9811644672235548,0.9798420908249861
"Not classified",1.0382277054669309,1.029050224450868,1.0234218654174874,1.0228520947651003,1.0222552779474208,1.02170550510306,1.0212550177272297,1.0209111977627277,1.0206579828197306,1.020484676228156,1.020373755640475
"OECD members",1.0398687410687681,1.0386636421138087,1.0361933811987871,1.0359229721987677,1.035630155642652,1.0352725257906095,1.034837680085968,1.0343219125148069,1.033750090045482,1.033171793798484,1.032657589170097
Oman,0.7965347408243102,0.781251398982287,0.6263020989655241,0.5956829334047385,0.5689786232780975,0.5481423107232783,0.5333895566253233,0.5238387973726888,0.5181839715803455,0.51547471600635,0.5147117746565324
"Other small states",1.022379884315294,1.0069393872433636,0.9079940217436887,0.9025793301826112,0.8987939304892824,0.8955635196784199,0.8921956312549059,0.8884952111777221,0.8848142763351832,0.8814950127846934,0.8789696784958236
"Pacific island small states",0.9582746245978376,0.9602961278964369,0.967002711139494,0.9678019859712598,0.9685541963830301,0.9692297083691375,0.9698594125840924,0.9703921114508115,0.9708527810809595,0.9712571094011375,0.9716140706797115
Pakistan,0.9284566735222998,0.9373408086622572,0.9416878516723026,0.942092510839851,0.9424528338294844,0.9427465734475334,0.9429619033081975,0.9430952254651755,0.9431600456521839,0.9431842009985538,0.9432033796839128
Palau,0.9284566735222998,0.9373408086622572,0.9416878516723026,0.942092510839851,0.9424528338294844,0.9427465734475334,0.9429619033081975,0.9430952254651755,0.9431600456521839,0.9431842009985538,0.9432033796839128
Panama,0.9783798714946256,0.9844626191940287,0.9909837271987941,0.9916901633126943,0.9924006497550951,0.9931341790569727,0.9938839287957273,0.9946569720733656,0.9954437984251295,0.9962220218133435,0.9969775675979445
"Papua New Guinea",0.9654982558575254,0.9672911329378062,0.9645935658653643,0.9637315779586564,0.9627808034862614,0.961859343723862,0.9610566586469446,0.9603844854007315,0.9598205648528131,0.9593523310223113,0.9589502781915917
Paraguay,0.9741220507350463,0.9708223420541613,0.965540536556741,0.9652080931595339,0.9650287995812946,0.9650154488104996,0.9651737653883004,0.9655126915417851,0.9660149034436872,0.9666306667986033,0.9672885425562278
Peru,1.0104433336360492,1.0059440052357826,1.0067956284917445,1.0085897491140583,1.0105780600148426,1.01231146759087,1.0134806784189343,1.0139827278008713,1.0139489820635723,1.0136020439385864,1.013250920208813
Philippines,0.9795128386562886,0.9854913718352154,0.9825811546802542,0.9833509135622164,0.9845751931633572,0.9858978193720803,0.987072776980446,0.9880546529005522,0.9889243216696385,0.9897194271920212,0.9905088674680943
Poland,1.053610583933346,1.0598518231849423,1.0676302252562737,1.0665190073541548,1.0651923129855572,1.0639921857488632,1.0631672320499717,1.0628101712117655,1.0628501021679064,1.0631619105695054,1.0635435035988359
Portugal,1.0775418324297137,1.0736384735693112,1.0946704308022637,1.099727660383432,1.1044730614117704,1.1085513298735,1.1116930218619174,1.11371211989392,1.1146314479239954,1.1146995548854641,1.1142995084540752
"Post-demographic dividend",1.047533863520208,1.0436440897554238,1.0401947174357449,1.0398474773289883,1.0394748616556355,1.0390464236190475,1.0385881979618423,1.0380872975235653,1.0375701317892305,1.0370498114238675,1.036563187018914
"Pre-demographic dividend",1.0060780159713645,1.0051704127023122,1.0026345737048818,1.0021205378514917,1.0015294427569212,1.0009330824771308,1.0003789218630421,0.9998750848064922,0.9994088293764407,0.9989786350443557,0.9985786993151029
"Puerto Rico",1.0680485620133917,1.080433382105654,1.0827994320150556,1.0838376911839243,1.0854614586773477,1.0876785368365847,1.0904585038902321,1.0939935262508929,1.0983296839209202,1.1030533370828028,1.1073825503355705
Qatar,0.4939289668735826,0.5335642216320593,0.30359484573577095,0.30423374692066296,0.30771051849513675,0.31191791330622576,0.31560636259358604,0.31867102253645957,0.32157233079614245,0.3244207842986016,0.3274165017590665
Romania,1.0285111800594937,1.0441303381376486,1.0592014877946425,1.0580478683574,1.056472038383677,1.0550451054438779,1.0541716373690668,1.0540078308117642,1.0544324770685118,1.0552340296362532,1.0560595063577678
"Russian Federation",1.1362503076908639,1.1371943482569007,1.157036348653138,1.1576409752070445,1.1580641150499182,1.1583231719926739,1.1584358372961188,1.1584122699379165,1.1582700673346162,1.1580449591592008,1.1577798216342792
Rwanda,1.0273999655650736,1.0469018402217163,1.0393910989672213,1.0386126962103834,1.0378486254778412,1.0371351980730756,1.0365007657653624,1.0359543739504045,1.0354792991974926,1.0350460757758175,1.034605674553326
Samoa,0.9156900122375977,0.9195660306771418,0.9373436950995184,0.9369206027268164,0.9361149180244658,0.9351756770361421,0.9343755935185277,0.9336898502032742,0.9330681390884442,0.9326008769768931,0.9322098700076467
"San Marino",0.9156900122375977,0.9195660306771418,0.9373436950995184,0.9369206027268164,0.9361149180244658,0.9351756770361421,0.9343755935185277,0.9336898502032742,0.9330681390884442,0.9326008769768931,0.9322098700076467
"Sao Tome and Principe",1.0245062242073264,1.0241310131895338,0.9989383713750257,0.9984301412872841,0.9984706139392615,0.9988459967320261,0.9989575815892872,0.9989082217785166,0.9986970621163572,0.9985415423663001,0.9983831250290387
"Saudi Arabia",0.7864609469226773,0.8370319617897294,0.77421617409254,0.7710545631348807,0.767572046493425,0.7633162283013878,0.758095093556163,0.7516799595352973,0.7444518282510766,0.7374940831015339,0.7321745041367994
Senegal,1.0090960877879915,1.0354837791554403,1.0550415161048934,1.055928755163603,1.056545365721767,1.0567163910566035,1.0563474787756302,1.0554227636257953,1.0540573123645893,1.0524325446737646,1.050776990031
Serbia,1.025877067771276,1.0377116543011602,1.0401438064546513,1.0399747464085465,1.039946217484329,1.0400107342243807,1.0401354496307826,1.0403277325644922,1.040594734513866,1.0409212872300002,1.0412666538713518
Seychelles,1.0045277577505407,1.0070007916089452,0.934107498341075,0.9342211902832235,0.9368863049095607,0.9404230916273735,0.943273771139725,0.9451646703511187,0.9464459788789602,0.9475877060563975,0.9483305725746901
"Sierra Leone",1.025000761761004,1.0162737533556399,1.0089740893754164,1.0084372796168741,1.007908209308659,1.0073587339910919,1.006774764812523,1.006156839547429,1.0055108201097664,1.0048629395835578,1.0042343512159235
Singapore,0.9876635821273276,0.9499170003354842,0.912835998020627,0.910538963589101,0.9102469165067766,0.9106604162445768,0.9108742341401811,0.9107714431270052,0.9106530788997422,0.9105160316041023,0.910438097496648
"Sint Maarten (Dutch part)",0.9876635821273276,0.9499170003354842,0.912835998020627,0.910538963589101,0.9102469165067766,0.9106604162445768,0.9108742341401811,0.9107714431270052,0.9106530788997422,0.9105160316041023,0.910438097496648
"Slovak Republic",1.0487479649525293,1.0594516506279188,1.0610867545843319,1.060435117912702,1.0597066091882956,1.0588894195713934,1.0579982955627716,1.0570183827999444,1.0559874536817766,1.055005300906625,1.0542013391676792
Slovenia,1.0574060650491555,1.0449610219227266,1.0152524952069055,1.013726937413858,1.013115846710435,1.0128051572043408,1.0123351806686098,1.0116037464748944,1.0107603158616865,1.0098559691121487,1.0089751940953076
"Small states",1.0172898556978078,1.0051924014569666,0.9315175612715976,0.9271254583841352,0.9239774108553834,0.9212501725958326,0.9184050020751755,0.915294382525989,0.9121894650789639,0.9093624175869035,0.907170444391731
"Solomon Islands",0.946279573381928,0.9454816323451761,0.9688307816482274,0.9687305273891124,0.9683017073876555,0.9677196628177842,0.9673156777104013,0.9670224285591802,0.966843960665471,0.9667478038728957,0.9666953429854103
Somalia,0.9901652656265236,0.9969335613205583,1.0025717597671533,1.003157031602611,1.0036970453546052,1.0041727047063416,1.0045752816236866,1.0048970515365596,1.0051470381062793,1.0053481637783963,1.005521028295903
"South Africa",1.0125065159465967,1.0281666585782427,1.0264863903519552,1.026149925492959,1.0259050111354666,1.0258536118666477,1.0260584892937972,1.02654420020205,1.0272701600641607,1.0281568847531097,1.0290950893720476
"South Asia",0.930437586566272,0.9295236238712186,0.9326148395100197,0.9333369516506528,0.9340734512789985,0.9347585447123576,0.9353495243038814,0.9358390420575762,0.9362374255821581,0.9365571096267797,0.9368163242155549
"South Asia (IDA & IBRD)",0.930437586566272,0.9295236238712186,0.9326148395100197,0.9333369516506528,0.9340734512789985,0.9347585447123576,0.9353495243038814,0.9358390420575762,0.9362374255821581,0.9365571096267797,0.9368163242155549
"South Sudan",1.0119859294177806,1.0076680987273379,1.000253930789617,0.9998787850025608,0.9995616620769918,0.9992773730245907,0.9990082990593951,0.9987478893928371,0.9984960119864785,0.9982536999640982,0.9980231296539763
Spain,1.0413713162053613,1.0370450395442041,1.0251597938251527,1.0281021442841674,1.031500383160996,1.0345458275596677,1.0366306302987887,1.037508087626056,1.0373601144865265,1.0365205699102091,1.0355167039877453
"Sri Lanka",0.9805313028296728,1.0048822664512904,1.0584614943709516,1.0630848416242746,1.0674009882146593,1.0712936523791465,1.074690028250214,1.0775416987888862,1.0798957763101384,1.0818940451393442,1.083735926443921
"St. Kitts and Nevis",0.9805313028296728,1.0048822664512904,1.0584614943709516,1.0630848416242746,1.0674009882146593,1.0712936523791465,1.074690028250214,1.0775416987888862,1.0798957763101384,1.0818940451393442,1.083735926443921
"St. Lucia",1.0357232407557633,1.038724699516104,1.031242044849691,1.030857313666203,1.0307159036309974,1.0306830218334644,1.0306998152115998,1.030658860952252,1.0305328949583132,1.0304643893726277,1.0305713238316356
"St. Martin (French part)",1.0357232407557633,1.038724699516104,1.031242044849691,1.030857313666203,1.0307159036309974,1.0306830218334644,1.0306998152115998,1.030658860952252,1.0305328949583132,1.0304643893726277,1.0305713238316356
"St. Vincent and the Grenadines",1.0110389731883922,0.9850454897049615,0.9630287433397369,0.9623047829312872,0.962173488926623,0.9626971964301811,0.9635173058933583,0.964976213984382,0.966745460406146,0.9688443467852869,0.9714591318299314
"Sub-Saharan Africa",1.009610764364718,1.0107836610596013,1.0080945004935429,1.0075941903756183,1.0070620008765392,1.0065240893514138,1.0059992418397037,1.005491658545094,1.0050014104648266,1.0045369704958054,1.0041065360768457
"Sub-Saharan Africa (excluding high income)",1.0096204884525575,1.010773743237601,1.0080889469042396,1.0075879706618414,1.0070547312558968,1.0065153720448836,1.0059888901704281,1.00547936428162,1.0049870130561325,1.004520333422344,1.004087833612704
"Sub-Saharan Africa (IDA & IBRD countries)",1.009610764364718,1.0107836610596013,1.0080945004935429,1.0075941903756183,1.0070620008765392,1.0065240893514138,1.0059992418397037,1.005491658545094,1.0050014104648266,1.0045369704958054,1.0041065360768457
Sudan,0.9941820326956301,0.9941912950070083,1.0050913898840383,1.0048268681424322,1.0041368767553573,1.0033700156961443,1.0027642228206377,1.0023604748748418,1.0020831509116912,1.0018984293144573,1.0017451878056978
Suriname,0.9673173100267055,0.9797128864787608,0.9858144712430427,0.9862858359144488,0.9867536446535401,0.9871706922869714,0.987579759344507,0.9879746612704557,0.9883764699321758,0.9887474406383471,0.9892320062958717
Sweden,1.024353496446847,1.0221109831732895,1.0060260096034022,1.0045096009057948,1.0031145114492253,1.0018333414195801,1.0006631320043062,0.9996092704662477,0.9986745317738779,0.9978335497034826,0.9970543532119995
Switzerland,1.0485922698234411,1.0467371433113426,1.028461638443875,1.0261734882613167,1.0240630257609742,1.0221807347481056,1.0205534275676476,1.0192064040960287,1.0181228571066991,1.0172320494844813,1.016438469555533
"Syrian Arab Republic",0.9781310335664166,0.9767792834599583,0.9827287989777029,0.9836080605984862,0.9838293428201405,0.98413974966494,0.9851594577351628,0.9870712365609761,0.9896423901491497,0.9925960725558725,0.9954446474812474
Tajikistan,1.0173758529478243,0.9964296828657857,0.9814950866193459,0.9813188538452984,0.9814157055541707,0.9816785274435493,0.9820286349907311,0.9824511142104305,0.9829476117925551,0.9834908101989127,0.9840607073297928
Tanzania,1.009678714952304,1.0106136591111357,1.0044378794307478,1.0041882984064967,1.0040236500113136,1.0038240446907298,1.0035165209275045,1.0030894315328174,1.0025830963144333,1.002042555672333,1.001525812661992
Thailand,1.018609204318035,1.0245612876196826,1.0418626963824082,1.043260456113999,1.0446650593872358,1.0460910594386132,1.0475449488704587,1.0490341917998027,1.050550301752384,1.052069405105053,1.0535584205278503
Timor-Leste,0.9797467539262801,0.9794437916177047,0.9782071308869447,0.9781097341671817,0.9780955794955003,0.9781304692777142,0.9781990035436541,0.9782813623066602,0.9784233223532407,0.9785722756580303,0.9787408225785226
Togo,1.0273024013544312,1.0249737338265137,1.0150454565311897,1.0143737123580323,1.0137726728627527,1.013192934361083,1.012599707144616,1.0119905760009515,1.011379083941025,1.0107794232605845,1.010214271377581
Tonga,0.9711999004748181,0.9646466672014117,0.9953758116413942,0.9968318756073858,0.9983897889052529,0.9997228875121237,1.0006948166676592,1.0006923974757167,1.0001568781253063,0.9994768658451523,0.9985846530487338
"Trinidad and Tobago",1.0065399429480353,1.0089941972920697,1.0197687249640994,1.0203155726683963,1.0208428812200594,1.0214018953675223,1.02198269183949,1.0225962321994106,1.0232397341273844,1.0239373243436094,1.0246812698117809
Tunisia,0.9854231211516977,0.9856846867668746,1.0078888370077748,1.0106674536079399,1.0134874667059819,1.015857438120059,1.0174495748088332,1.018157073144082,1.0181339065484698,1.0176404786843924,1.0170336939819893
Turkey,1.0248300195285327,1.030570850345814,1.0337225466050748,1.033612333310115,1.0333013010241279,1.03270826619109,1.0318056168606207,1.030545025994587,1.0290165108555105,1.027485125814839,1.0262834930626732
Turkmenistan,1.034814755079902,1.0317005228460605,1.0325353517457951,1.0321391139041767,1.031718105371637,1.0313453529538767,1.0310732710673296,1.0309165388311052,1.030862919453914,1.0308995940219594,1.031007086884922
"Turks and Caicos Islands",1.034814755079902,1.0317005228460605,1.0325353517457951,1.0321391139041767,1.031718105371637,1.0313453529538767,1.0310732710673296,1.0309165388311052,1.030862919453914,1.0308995940219594,1.031007086884922
Tuvalu,1.034814755079902,1.0317005228460605,1.0325353517457951,1.0321391139041767,1.031718105371637,1.0313453529538767,1.0310732710673296,1.0309165388311052,1.030862919453914,1.0308995940219594,1.031007086884922
Uganda,1.0136115861851311,1.0313102946915935,1.0381120012741198,1.0381287875991032,1.0377096130536279,1.0369380053075399,1.035899093248719,1.034604095789952,1.0331014636663653,1.0315326140689274,1.0300477333852918
Ukraine,1.1502955986182288,1.1482711389766496,1.1665610470538574,1.1657660007927102,1.1643819152572976,1.1628686250548395,1.161568318673721,1.1605795858531875,1.1598238325973191,1.1592559300699923,1.158770931396119
"United Arab Emirates",0.5258333145569996,0.4803337722919497,0.3456335456891351,0.3617113693773299,0.3824878351002637,0.4034719353592662,0.4205034706327711,0.4318160578185109,0.4384401135322979,0.4416843603450836,0.44389038376735385
"United Kingdom",1.0572580807743408,1.0522499560922982,1.0342225308307402,1.0328290572689733,1.0314374439957719,1.0301044988972148,1.02886966889928,1.0277436248852527,1.026706880383725,1.0257380174071138,1.0248052438726716
"United States",1.0406445033580838,1.030179370095896,1.0242752515424063,1.0236116947531666,1.0229113413880138,1.0222722307164516,1.0217631163971188,1.021399045323158,1.0211567497763707,1.0210191871903336,1.0209567995721063
"Upper middle income",0.9847268642541724,0.9869740943835794,0.986644576016254,0.9868589116250266,0.987120759591228,0.9874125318371305,0.9877240635499265,0.9880458153420097,0.9883793704600656,0.9887461697091912,0.9891533526807711
Uruguay,1.0616827213460605,1.0662355857714674,1.0749586570707956,1.0747072270240832,1.0743429242182594,1.0738729024538103,1.0733251502427583,1.0727191283292978,1.0720411436288875,1.0713176497716883,1.0705512922500882
Uzbekistan,1.0214530275324663,1.0110366183022248,1.0100886039690264,1.0094765197077447,1.0088464914797788,1.0081942541762268,1.0075219938819098,1.0068351578358627,1.0061515141585973,1.0055094749020586,1.0049532970753086
Vanuatu,0.9444547625364819,0.9551412142736344,0.9703537092373652,0.9706261008301148,0.9706742841346264,0.9706664276966276,0.9707939000101763,0.9710779210662361,0.9714954529447103,0.971944859926426,0.9724147910390823
"Venezuela, RB",0.9853852803311128,0.9928521585827023,1.0053194291854244,1.0062515898866842,1.0073713186962872,1.0091044222100238,1.0117298520752895,1.015518099711295,1.0203674817889332,1.0256553445436145,1.030285944806307
Vietnam,1.0202740974536633,1.019444999431647,1.0096103909436476,1.0085802247333253,1.0077092199639055,1.0069053472606009,1.00610747823966,1.0053085721320971,1.004547560204199,1.0038638504938338,1.003310478245979
"Virgin Islands (U.S.)",1.0480074069696432,1.0709887721839912,1.0924372995324032,1.0944923047139676,1.0958662295590773,1.0969115045967852,1.0985056597891947,1.0996406530739786,1.1011929247223364,1.1024940547552131,1.1040470411807652
"West Bank and Gaza",0.9726712583526371,0.9697150264131561,0.9710328696169492,0.9709517225532455,0.9708132446975912,0.970722940323436,0.9707549952024457,0.9709272649072347,0.9712014987982003,0.9715168913364939,0.9717865660454857
World,0.9873672178017506,0.9861383978052323,0.983350787711408,0.9833736950549383,0.9834466248140162,0.983518620336952,0.9835612508793586,0.9835633156210382,0.9835345570178677,0.9835006110605137,0.9834935136871253
"Yemen, Rep.",1.0253280306950667,0.9821519393048891,0.9838115906331275,0.9837779326189958,0.9837799652266108,0.9838311921423846,0.9839392192390051,0.9841081237090032,0.9843314866491808,0.9845860199598664,0.9848460593329125
Zambia,1.0063516972435036,1.0170165384239263,1.024580929931522,1.0237054863714754,1.0226917044118693,1.021749781608136,1.021003371826003,1.0204873763889726,1.0201476722443303,1.0199249621376594,1.019744635772613
Zimbabwe,1.0097329024037802,1.0434919004021292,1.1003552305284543,1.1016073329739617,1.1026795297872445,1.1032336254069528,1.1030763436453572,1.1021732691002155,1.1007059926895244,1.0989333524440354,1.0971977493326628
