 ,1990,2000,2011,,2012,2013,2014,2015,2016,2017,2018,2019,2020
Afghanistan,..,..,"17,804,292,964.1",,"20,001,598,505.7","20,561,069,558.2","20,484,885,119.7","19,907,111,419.0","18,017,749,073.9","18,869,945,678.0","18,353,881,129.9","19,291,104,007.8",..
Albania,"2,028,553,750.0","3,480,355,188.6","12,890,765,324.2",,"12,319,830,252.5","12,776,217,194.8","13,228,144,008.3","11,386,846,319.2","11,861,200,797.5","13,019,693,450.9","15,147,020,535.4","15,279,183,289.9",..
Algeria,"62,045,099,642.8","54,790,233,856.0","200,254,371,997.3",,"209,021,250,805.9","209,724,351,222.0","213,860,450,595.8","166,361,491,140.8","159,994,837,855.1","170,163,165,960.5","175,405,660,377.4","171,091,289,782.2",..
American Samoa,..,..,"574,000,000.0",,"644,000,000.0","641,000,000.0","642,000,000.0","661,000,000.0","652,000,000.0","602,000,000.0","636,000,000.0",..,..
Andorra,"1,029,048,481.9","1,429,049,198.5","3,629,203,786.2",,"3,188,808,942.6","3,193,704,343.2","3,271,808,157.3","2,789,870,187.5","2,896,679,211.9","3,000,180,750.1","3,218,316,013.2","3,154,057,987.2",..
Angola,"11,228,764,963.2","9,129,594,818.6","111,789,686,464.4",,"128,052,853,643.1","136,709,862,831.2","145,712,200,312.5","116,193,649,124.2","101,123,851,090.5","122,123,822,333.6","101,353,230,784.6","88,815,697,793.3",..
Antigua and Barbuda,"459,470,370.4","826,370,370.4","1,137,637,037.0",,"1,199,948,148.1","1,181,448,148.1","1,249,733,333.3","1,336,692,592.6","1,436,585,185.2","1,467,977,777.8","1,605,351,851.9","1,661,962,963.0",..
Argentina,"141,352,368,714.7","284,203,750,000.0","530,163,281,574.7",,"545,982,375,701.1","552,025,140,252.2","526,319,673,731.6","594,749,285,413.2","557,531,376,218.0","643,628,665,302.7","517,626,700,412.7","445,445,177,459.4",..
Armenia,"2,256,838,858.4","1,911,563,665.4","10,142,111,334.5",,"10,619,320,048.6","11,121,465,767.4","11,609,512,939.8","10,553,337,673.0","10,546,135,160.0","11,527,458,565.7","12,457,941,907.0","13,672,802,157.8",..
Aruba,"764,887,117.2","1,873,452,514.0","2,549,720,670.4",,"2,534,636,871.5","2,701,675,977.7","2,765,363,128.5","2,919,553,072.6","2,965,921,787.7","3,056,424,581.0",..,..,..
Australia,"310,781,069,642.2","415,222,633,925.8","1,396,649,906,339.4",,"1,546,151,783,873.0","1,576,184,467,015.5","1,467,483,705,131.7","1,351,693,984,524.5","1,208,846,993,740.0","1,329,188,475,752.3","1,432,881,172,002.2","1,396,567,014,733.2",..
Austria,"166,463,386,179.4","196,799,778,883.4","431,120,310,088.8",,"409,425,234,155.3","430,068,712,971.9","441,996,131,736.5","381,817,565,893.6","395,568,644,341.0","417,237,869,115.9","455,094,861,902.1","445,075,391,688.2",..
Azerbaijan,"8,858,006,035.9","5,272,617,196.0","65,951,627,200.2",,"69,683,935,845.2","74,164,435,946.5","75,244,294,275.1","53,074,370,486.0","37,867,518,957.2","40,865,558,912.4","47,112,941,176.5","48,047,647,058.8",..
"Bahamas, The","3,166,000,000.0","8,076,470,000.0","10,070,450,000.0",,"10,720,500,000.0","10,568,400,000.0","11,111,600,000.0","11,710,800,000.0","11,928,500,000.0","12,490,700,000.0","13,022,100,000.0","13,578,800,000.0",..
Bahrain,"4,229,787,234.0","9,062,898,936.2","28,776,595,744.7",,"30,749,308,510.6","32,539,468,085.1","33,387,712,766.0","31,050,638,297.9","32,234,973,404.3","35,473,776,595.7","37,652,500,000.0","38,574,069,148.9",..
Bangladesh,"31,598,341,233.6","53,369,787,318.6","128,637,938,711.4",,"133,355,749,482.5","149,990,451,022.3","172,885,454,931.5","195,078,678,697.2","221,415,188,000.5","249,711,027,660.3","274,039,092,455.3","302,571,254,131.1",..
Barbados,"2,012,131,457.3","3,059,500,000.0","4,657,500,000.0",,"4,610,000,000.0","4,677,000,000.0","4,696,500,000.0","4,715,000,000.0","4,830,000,000.0","4,978,000,000.0","5,086,500,000.0","5,209,000,000.0",..
Belarus,"21,650,000,000.0","12,736,856,828.0","61,757,788,944.7",,"65,685,102,554.9","75,527,984,234.2","78,813,839,984.4","56,454,734,396.6","47,722,657,820.7","54,726,595,249.2","60,031,262,269.3","63,080,457,022.7",..
Belgium,"205,331,747,947.9","236,204,532,891.1","522,645,519,183.6",,"496,181,260,258.3","521,642,714,407.8","534,678,075,827.4","462,149,679,343.8","475,739,588,764.8","502,698,069,366.9","543,734,366,831.2","533,097,455,834.5",..
Belize,"412,086,445.5","832,050,000.0","1,460,800,000.0",,"1,522,900,000.0","1,579,400,000.0","1,662,800,000.0","1,723,800,000.0","1,775,100,000.0","1,836,600,000.0","1,871,200,000.0","1,879,613,600.0",..
Benin,"1,959,965,243.8","3,511,248,899.7","10,693,321,953.6",,"11,141,358,945.1","12,517,845,732.2","13,284,528,654.1","11,388,160,958.2","11,821,066,152.6","12,701,656,930.7","14,250,985,958.7","14,390,709,094.9",..
Bermuda,"1,592,400,000.0","3,480,219,000.0","6,312,691,000.0",,"6,378,188,000.0","6,465,756,000.0","6,413,988,000.0","6,654,541,000.0","6,899,911,000.0","7,142,316,000.0","7,224,329,000.0","7,484,113,000.0",..
Bhutan,"299,787,275.8","424,464,089.9","1,777,101,316.7",,"1,781,281,281.6","1,756,215,665.1","1,907,090,813.5","2,003,598,213.0","2,158,972,129.0","2,450,364,928.1","2,446,866,404.9","2,530,547,157.6",..
Bolivia,"4,867,582,620.2","8,397,912,509.1","23,963,033,430.6",,"27,084,497,482.9","30,659,338,880.4","32,996,188,012.7","33,000,198,248.3","33,941,126,200.1","37,508,642,165.3","40,287,647,930.5","40,895,322,843.8",..
Bosnia and Herzegovina,..,"5,505,887,894.5","18,644,723,861.0",,"17,226,849,297.1","18,178,503,835.4","18,558,343,508.3","16,211,541,820.2","16,913,330,694.0","18,080,118,128.4","20,183,510,561.3","20,164,193,806.9",..
Botswana,"3,790,567,051.9","5,788,329,609.2","15,351,972,361.1",,"14,380,004,175.1","14,901,750,991.2","16,250,781,586.7","14,420,593,484.1","15,646,354,089.5","17,405,588,070.4","18,663,265,549.0","18,340,480,936.0",..
Brazil,"461,951,782,000.0","655,420,645,476.9","2,616,200,980,392.2",,"2,465,188,674,415.0","2,472,806,919,901.7","2,455,993,625,159.4","1,802,214,373,741.3","1,795,700,168,991.5","2,062,831,045,936.0","1,885,482,534,238.3","1,839,758,040,765.6",..
British Virgin Islands,..,..,..,,..,..,..,..,..,..,..,..,..
Brunei Darussalam,"3,520,551,724.1","6,001,153,306.3","18,525,319,977.7",,"19,047,940,300.9","18,093,829,923.3","17,098,342,541.4","12,930,394,937.8","11,400,854,267.7","12,128,104,859.1","13,567,351,175.0","13,469,422,958.5",..
Bulgaria,"20,632,090,909.1","13,245,833,843.5","57,386,216,850.3",,"54,033,250,328.5","55,615,397,665.6","56,901,994,980.3","50,647,442,756.7","53,806,894,796.4","58,971,520,599.3","66,230,155,099.6","68,558,815,111.6",..
Burkina Faso,"3,101,301,781.0","2,956,746,304.2","12,080,296,644.1",,"12,561,016,091.5","13,444,301,139.1","13,943,016,923.9","11,832,159,275.6","12,833,363,370.2","14,106,956,830.1","16,059,910,870.6","15,990,803,570.0",..
Burundi,"1,132,101,252.5","870,486,065.9","2,235,820,867.8",,"2,333,308,099.5","2,451,625,332.7","2,705,783,272.1","3,104,394,858.1","2,959,640,987.3","3,172,292,379.4","3,036,931,818.2","3,012,334,881.6",..
Cabo Verde,"306,891,107.3","539,227,277.6","1,865,915,544.1",,"1,741,809,809.0","1,850,470,042.4","1,859,898,513.3","1,596,800,287.2","1,662,998,678.4","1,769,787,215.1","1,966,983,316.6","1,981,845,740.4",..
Cambodia,..,"3,677,897,739.1","12,829,541,141.0",,"14,054,443,213.5","15,227,991,395.2","16,702,610,842.4","18,049,954,289.4","20,016,747,754.0","22,177,200,511.6","24,571,753,583.5","27,089,389,787.0",..
Cameroon,"11,151,578,050.7","10,083,937,740.1","29,375,448,542.4",,"29,102,772,799.0","32,357,345,501.0","34,989,493,826.2","30,928,653,813.9","32,643,697,595.8","35,009,262,788.2","38,694,156,863.0","39,007,354,359.3",..
Canada,"593,929,550,908.5","742,295,468,318.6","1,788,647,906,047.8",,"1,828,689,329,349.0","1,847,208,522,155.3","1,803,533,209,844.7","1,556,129,524,418.2","1,528,243,213,982.1","1,649,878,054,226.8","1,716,262,621,082.2","1,736,425,629,520.0",..
Cayman Islands,..,..,"4,186,223,864.8",,"4,291,158,967.9","4,405,954,696.2","4,563,017,851.6","4,708,336,756.1","4,909,498,942.7","5,153,091,157.8","5,517,361,237.6",..,..
Central African Republic,"1,440,711,395.7","914,500,299.1","2,437,982,839.6",,"2,510,126,699.1","1,691,544,192.4","1,894,813,504.5","1,695,825,708.5","1,825,018,190.9","2,072,350,151.1","2,220,978,978.2","2,220,307,368.7",..
Chad,"1,738,605,558.1","1,385,058,161.8","12,172,309,522.6",,"12,367,363,677.6","12,953,535,495.9","13,940,768,065.6","10,950,392,219.9","10,097,778,353.8","10,000,395,242.1","11,239,167,048.5","11,314,951,342.8",..
Channel Islands,..,"6,439,703,434.7",..,,..,..,..,..,..,..,..,..,..
Chile,"33,113,887,818.0","77,860,932,151.8","252,251,992,029.4",,"267,122,320,056.7","278,384,345,259.4","260,541,629,960.7","243,919,085,308.9","250,440,136,356.1","277,044,950,259.0","298,258,019,275.0","282,318,159,744.7",..
China,"360,857,912,566.0","1,211,346,869,605.2","7,551,500,124,203.4",,"8,532,229,986,993.7","9,570,406,235,659.6","10,475,682,920,594.5","11,061,553,079,876.4","11,233,276,536,737.2","12,310,409,370,892.8","13,894,817,549,374.2","14,342,903,006,431.3",..
Colombia,"47,844,090,710.0","99,886,577,330.7","334,943,871,931.7",,"370,921,320,483.8","382,116,126,448.6","381,112,119,657.4","293,481,748,240.8","282,825,009,887.5","311,883,730,690.1","333,568,923,004.5","323,615,979,418.7",..
Comoros,"429,622,147.7","350,264,287.7","1,023,086,183.8",,"1,015,843,368.8","1,116,224,161.1","1,149,587,651.7","966,029,542.0","1,012,835,518.3","1,077,439,662.6","1,178,530,757.7","1,165,839,927.1",..
"Congo, Dem. Rep.","9,349,764,580.4","19,088,046,305.8","25,839,749,198.8",,"29,306,235,826.4","32,679,745,297.6","35,909,040,265.9","37,917,704,900.1","37,134,799,974.5","38,019,265,625.9","46,831,342,212.5","50,400,746,171.4",..
"Congo, Rep.","2,798,746,050.6","3,219,910,550.4","15,655,384,440.4",,"17,692,912,613.2","17,958,721,571.8","17,783,526,317.9","11,953,249,529.7","10,335,424,288.4","11,198,674,674.4","13,518,403,447.0","12,267,392,146.6",..
Costa Rica,"5,711,687,786.8","14,949,514,493.3","42,262,697,840.4",,"46,473,128,285.6","49,745,088,111.7","50,577,769,837.7","54,775,994,478.5","57,157,992,434.2","58,481,858,042.6","60,553,901,420.1","61,801,385,049.1",..
Cote d'Ivoire,"10,795,850,107.0","10,717,022,462.7","25,414,875,503.1",,"26,789,047,554.6","31,273,074,527.7","35,363,533,865.7","45,814,637,971.5","47,964,234,560.1","51,588,158,717.5","58,011,466,450.9","58,539,424,929.7",..
Croatia,..,"21,633,671,680.9","62,537,851,352.5",,"56,580,819,623.9","58,194,069,434.1","57,639,588,805.6","49,525,747,503.8","51,601,147,665.8","55,481,644,098.0","61,375,222,347.0","60,752,588,976.3",..
Cuba,"28,645,436,569.1","30,565,400,000.0","68,990,000,000.0",,"73,141,000,000.0","77,148,000,000.0","80,656,000,000.0","87,133,000,000.0","91,370,000,000.0","96,851,000,000.0","100,023,000,000.0",..,..
Curacao,..,..,"3,038,699,608.9",,"3,131,096,089.4","3,147,616,201.1","3,158,406,033.5","3,151,910,782.1","3,122,287,933.0","3,116,610,111.7","3,127,908,044.7","3,101,787,709.5",..
Cyprus,"5,591,130,217.7","9,985,844,486.3","27,565,469,098.0",,"24,978,513,426.7","23,900,872,625.8","23,156,850,006.6","19,842,404,304.9","20,953,442,550.4","22,729,184,365.1","25,309,818,138.9","24,948,935,408.0",..
Czech Republic,"40,728,950,704.6","61,828,166,496.1","229,562,733,398.9",,"208,857,719,320.6","211,685,616,592.9","209,358,834,156.3","188,033,050,459.9","196,272,068,576.3","218,628,940,951.7","248,908,731,817.5","250,680,504,529.6",..
Denmark,"138,247,285,815.9","164,158,739,097.6","344,003,137,611.3",,"327,148,943,812.1","343,584,391,647.9","352,993,631,617.7","302,673,070,846.9","313,115,929,314.3","332,121,063,806.4","356,879,499,797.9","350,104,327,658.7",..
Djibouti,"452,328,087.3","551,230,861.9","1,239,144,501.8",,"1,353,632,941.5","2,042,817,162.9","2,214,681,573.6","2,430,287,967.0","2,603,554,906.6","2,751,461,055.6","3,012,820,409.6","3,324,634,256.1",..
Dominica,"201,428,730.0","333,468,888.9","501,025,925.9",,"485,996,296.3","498,296,296.3","520,207,407.4","540,737,037.0","576,229,629.6","519,837,037.0","551,074,074.1","582,403,703.7",..
Dominican Republic,"7,073,675,544.8","24,305,116,729.2","58,029,750,744.4",,"60,681,537,194.7","62,682,163,837.7","67,179,914,026.3","71,164,825,257.7","75,704,720,189.6","79,997,975,622.8","85,555,378,043.8","88,941,299,734.2",..
Ecuador,"15,239,278,100.4","18,327,764,882.4","79,276,664,000.0",,"87,924,544,000.0","95,129,659,000.0","101,726,331,000.0","99,290,381,000.0","99,937,696,000.0","104,295,862,000.0","107,562,008,000.0","107,435,665,000.0",..
"Egypt, Arab Rep.","42,978,914,311.4","99,838,543,960.1","235,989,672,977.6",,"279,116,666,666.7","288,434,108,527.1","305,595,408,895.3","329,366,576,819.4","332,441,717,791.4","235,733,695,652.2","249,712,999,437.3","303,092,255,125.3",..
El Salvador,"4,817,542,204.0","11,784,927,700.0","20,283,790,000.0",,"21,386,140,000.0","21,990,970,000.0","22,593,480,000.0","23,438,240,000.0","24,191,440,000.0","24,979,200,000.0","26,117,400,000.0","27,022,640,000.0",..
Equatorial Guinea,"112,119,406.5","1,045,998,496.4","21,357,344,847.5",,"22,388,345,810.2","21,948,835,350.3","21,765,454,404.4","13,185,496,836.4","11,240,809,132.4","12,200,914,929.6","13,278,488,567.3","11,026,774,945.3",..
Eritrea,..,"706,370,815.6","2,065,001,626.0",,..,..,..,..,..,..,..,..,..
Estonia,..,"5,694,069,842.4","23,391,530,006.3",,"23,192,708,981.8","25,271,406,707.6","26,773,473,625.2","23,048,864,242.6","24,259,552,889.0","26,951,648,828.6","30,631,142,226.9","31,471,100,656.2",..
Eswatini,"1,114,703,088.2","1,738,100,853.1","4,820,499,497.3",,"4,886,658,806.3","4,597,702,903.1","4,422,304,974.8","4,062,660,889.8","3,816,018,484.5","4,402,972,999.5","4,665,424,249.1","4,471,598,726.6",..
Ethiopia,"12,175,166,763.3","8,242,392,103.7","31,952,763,089.3",,"43,310,721,414.1","47,648,211,133.2","55,612,228,233.5","64,589,334,978.8","74,296,618,481.1","81,770,791,971.0","84,269,348,327.3","95,912,590,628.1",..
Faroe Islands,..,"1,058,702,725.4","2,490,807,830.6",,"2,366,301,251.6","2,627,049,837.1","2,850,743,875.3","2,518,096,285.6","2,738,832,687.1","2,905,102,303.5","3,116,887,847.2",..,..
Fiji,"1,337,024,782.2","1,684,109,743.5","3,774,530,615.7",,"3,972,012,570.5","4,190,143,206.3","4,856,963,252.0","4,682,546,881.2","4,930,204,219.7","5,353,404,418.7","5,581,393,120.6","5,496,250,694.3",..
Finland,"141,438,345,513.9","125,706,651,925.6","275,243,697,751.0",,"258,304,834,621.6","271,285,280,621.4","274,497,230,803.0","234,440,080,998.3","240,607,907,010.4","255,232,257,243.5","275,946,554,578.8","269,296,310,180.4",..
France,"1,269,179,616,913.6","1,362,248,940,482.8","2,861,408,170,264.6",,"2,683,825,225,092.6","2,811,077,725,703.6","2,852,165,760,630.3","2,438,207,896,251.8","2,471,285,607,081.7","2,595,151,045,197.7","2,787,863,958,885.5","2,715,518,274,227.5",..
French Polynesia,"3,181,206,304.8","3,447,543,137.9",..,,..,..,..,..,..,..,..,..,..
Gabon,"5,952,293,765.8","5,067,865,320.8","18,210,308,748.3",,"17,170,465,294.0","17,595,745,653.4","18,203,968,001.9","14,383,107,714.0","14,023,890,620.3","14,929,488,770.7","16,862,282,413.9","16,874,450,215.1",..
"Gambia, The","317,083,373.5","782,915,402.4","1,409,694,553.9",,"1,415,006,238.1","1,375,608,956.1","1,229,460,601.9","1,378,176,868.3","1,484,579,844.4","1,504,909,753.3","1,670,670,668.6","1,826,073,739.8",..
Georgia,"7,753,501,867.8","3,057,475,288.8","15,107,441,446.8",,"16,488,403,076.4","17,189,551,521.0","17,627,003,454.7","14,953,950,557.4","15,141,758,566.8","16,242,916,915.7","17,599,700,090.8","17,477,255,545.7",..
Germany,"1,771,671,206,875.7","1,943,145,384,190.2","3,744,408,602,683.9",,"3,527,344,944,139.8","3,732,743,446,218.9","3,883,920,155,292.3","3,356,235,704,119.8","3,467,498,002,104.3","3,682,602,479,929.4","3,963,767,526,251.0","3,861,123,558,039.2",..
Ghana,"5,889,174,825.5","4,983,024,408.1","39,337,314,809.9",,"41,270,954,737.2","62,405,374,785.5","53,660,342,159.8","48,564,863,888.4","55,009,730,600.0","58,998,132,329.6","65,556,464,048.2","66,983,634,223.9",..
Gibraltar,..,..,..,,..,..,..,..,..,..,..,..,..
Greece,"97,891,092,003.4","130,133,845,586.9","287,797,821,676.1",,"245,670,666,767.5","239,862,011,051.8","237,029,578,730.0","196,591,353,872.1","195,222,443,844.8","203,588,424,740.3","218,138,367,208.8","209,852,761,132.8",..
Greenland,"1,018,970,364.9","1,068,030,829.8","2,684,467,375.7",,"2,609,667,673.7","2,684,952,726.9","2,842,048,997.8","2,499,115,623.0","2,707,146,783.1","2,826,651,925.7","3,051,626,389.6",..,..
Grenada,"278,098,763.0","520,044,370.4","778,655,925.9",,"799,882,259.3","842,620,111.1","911,497,407.4","997,007,925.9","1,061,631,222.2","1,125,685,185.2","1,168,696,296.3","1,210,603,703.7",..
Guam,..,..,"4,928,000,000.0",,"5,199,000,000.0","5,336,000,000.0","5,538,000,000.0","5,710,000,000.0","5,795,000,000.0","5,851,000,000.0","5,920,000,000.0",..,..
Guatemala,"7,650,125,217.4","19,288,827,158.9","47,654,783,851.8",,"50,388,460,924.7","52,996,540,576.3","57,852,399,705.1","62,186,186,575.7","66,053,725,049.0","71,612,352,645.0","73,118,147,941.3","76,710,355,347.1",..
Guinea,"2,666,616,176.9","2,995,360,969.2","6,785,137,172.8",,"7,638,045,254.4","8,376,613,843.3","8,778,473,614.5","8,794,202,443.7","8,595,955,581.2","10,324,668,266.6","10,907,214,993.6","12,296,665,331.2",..
Guinea-Bissau,"243,961,995.5","370,173,838.7","1,099,818,652.0",,"989,271,229.6","1,046,087,418.0","1,054,915,645.2","1,048,229,629.4","1,179,004,941.2","1,350,177,127.6","1,458,868,241.9","1,339,449,165.5",..
Guyana,"396,582,263.3","712,667,896.7","3,691,384,743.5",,"4,063,090,015.9","4,167,801,802.6","4,127,664,335.8","4,279,840,361.7","4,482,697,336.6","4,748,174,334.1","4,787,635,821.3","5,173,759,527.6",..
Haiti,"3,096,289,800.0","6,868,666,119.6","13,008,748,131.7",,"13,708,931,889.8","14,498,080,022.6","14,790,765,759.5","14,857,386,163.9","13,723,267,960.8","14,213,814,582.8","15,965,670,198.5","14,332,163,266.4",..
Honduras,"4,923,009,551.5","7,103,507,989.1","17,710,315,006.0",,"18,528,601,901.3","18,499,710,127.8","19,756,494,434.7","20,979,767,785.2","21,717,622,071.4","23,136,232,229.6","24,024,189,735.9","25,095,395,475.0",..
"Hong Kong SAR, China","76,928,290,841.9","171,668,164,082.6","248,513,617,677.3",,"262,629,441,493.5","275,696,879,835.0","291,459,356,985.3","309,383,627,028.6","320,837,638,328.8","341,244,161,576.8","361,696,880,780.8","365,711,532,816.9",..
Hungary,..,"47,218,405,892.4","141,759,722,464.0",,"128,475,498,380.4","135,411,698,965.1","140,765,018,880.6","125,074,286,021.1","128,470,534,118.0","142,961,605,733.0","160,418,835,850.9","163,469,042,868.0",..
Iceland,"6,478,459,743.5","9,003,639,602.6","15,158,548,262.8",,"14,724,078,148.3","16,033,517,403.2","17,758,050,015.5","17,389,101,639.0","20,618,363,251.6","24,488,176,540.6","25,737,594,324.0","24,188,038,473.5",..
India,"320,979,026,419.6","468,394,937,262.4","1,823,050,405,350.4",,"1,827,637,859,135.7","1,856,722,121,394.5","2,039,127,446,298.6","2,103,587,817,041.8","2,294,797,978,292.0","2,652,754,685,834.6","2,713,165,057,513.4","2,868,929,415,617.0",..
Indonesia,"106,140,727,357.0","165,021,012,077.8","892,969,107,923.1",,"917,869,910,105.7","912,524,136,718.0","890,814,755,233.2","860,854,235,065.1","931,877,364,177.7","1,015,618,742,565.8","1,042,240,309,412.6","1,119,190,780,752.8",..
"Iran, Islamic Rep.","124,813,263,926.2","109,591,707,802.2","580,764,902,917.4",,"598,868,460,912.8","460,293,149,324.3","432,687,036,177.8","384,951,479,697.4","417,983,583,565.5","445,345,256,459.1","453,996,479,250.2",..,..
Iraq,"179,885,815,374.7",..,"185,470,085,470.1",,"217,807,625,616.5","234,648,370,497.4","234,648,370,506.0","177,498,577,312.9","174,896,224,010.2","195,473,049,873.1","224,228,010,473.8","234,094,042,938.9",..
Ireland,"49,364,680,213.6","99,852,958,356.4","237,472,361,733.5",,"224,999,484,361.8","238,543,539,440.6","258,471,884,599.6","291,499,812,214.6","300,523,297,823.6","335,663,113,507.9","382,674,360,648.2","388,698,711,348.2",..
Isle of Man,..,"1,563,667,799.6","6,566,098,381.7",,"6,690,725,118.5","7,000,748,788.5","7,708,834,951.5","7,085,288,006.1","6,846,691,871.5","6,979,581,724.6","7,491,969,312.9",..,..
Israel,"59,217,144,628.5","132,343,042,699.8","261,468,634,287.1",,"257,180,147,032.1","292,636,164,056.0","309,558,454,690.9","299,813,121,135.5","318,950,599,043.5","353,253,406,982.8","370,587,977,125.7","394,652,210,295.8",..
Italy,"1,181,222,653,523.0","1,143,829,832,319.9","2,291,991,045,770.3",,"2,087,077,032,435.2","2,141,315,327,318.2","2,159,133,919,743.8","1,835,899,237,320.0","1,875,797,463,583.9","1,961,796,197,354.4","2,091,544,955,092.3","2,003,576,145,498.0",..
Jamaica,"4,592,224,067.4","8,985,352,831.9","14,444,655,299.9",,"14,807,086,889.2","14,262,589,157.7","13,897,804,560.3","14,187,696,311.4","14,075,894,320.3","14,806,340,821.1","15,713,908,816.1","16,458,071,067.8",..
Japan,"3,132,817,652,848.0","4,887,519,660,744.9","6,157,459,594,823.7",,"6,203,213,121,334.1","5,155,717,056,270.8","4,850,413,536,037.8","4,389,475,622,589.0","4,922,538,141,454.6","4,866,864,409,657.7","4,954,806,619,995.2","5,081,769,542,379.8",..
Jordan,"4,160,003,917.4","8,460,424,400.6","29,524,149,164.9",,"31,634,561,670.4","34,454,440,180.7","36,847,643,587.2","38,587,017,944.3","39,892,551,148.8","41,408,960,786.8","42,932,112,676.1","44,502,895,861.7",..
Kazakhstan,"26,932,728,898.8","18,291,990,619.1","192,626,507,971.6",,"207,998,568,865.8","236,634,552,078.1","221,415,572,819.5","184,388,432,148.7","137,278,320,084.2","166,805,800,595.7","179,339,994,859.4","181,665,908,556.5",..
Kenya,"8,572,359,162.9","12,705,357,103.0","41,953,433,591.4",,"50,412,754,861.0","55,096,728,047.9","61,448,046,801.6","64,007,750,169.3","69,188,755,364.3","78,965,004,656.2","87,778,582,964.1","95,503,088,538.1",..
Kiribati,"39,809,538.7","67,254,174.4","181,705,002.6",,"190,243,321.6","185,113,921.6","179,703,443.3","171,117,872.4","178,328,873.0","187,276,210.9","196,737,896.0","194,647,201.9",..
"Korea, Dem. People’s Rep.",..,..,..,,..,..,..,..,..,..,..,..,..
"Korea, Rep.","283,367,525,714.9","576,178,114,168.5","1,253,223,044,719.0",,"1,278,427,634,342.6","1,370,795,199,976.2","1,484,318,219,633.6","1,465,773,245,547.2","1,500,111,596,236.4","1,623,901,496,835.8","1,724,845,615,629.3","1,646,739,219,509.9",..
Kosovo,..,"1,849,196,082.1","6,701,698,218.3",,"6,499,807,272.3","7,074,777,526.9","7,396,705,194.6","6,442,915,788.3","6,719,172,016.8","7,245,707,184.8","7,942,961,738.3","7,926,133,713.6",..
Kuwait,"18,427,777,777.8","37,712,842,242.5","154,068,115,942.0",,"174,070,382,279.4","174,161,142,454.2","162,631,412,508.8","114,567,298,105.7","109,419,728,566.7","120,707,220,573.7","140,645,364,238.4","134,628,542,747.0",..
Kyrgyz Republic,"2,675,000,000.0","1,369,688,498.1","6,197,766,118.6",,"6,605,139,933.4","7,335,027,591.9","7,468,096,566.7","6,678,178,340.5","6,813,092,065.8","7,702,934,800.1","8,271,108,638.4","8,454,619,607.8",..
Lao PDR,"865,559,856.2","1,731,198,022.5","8,749,241,114.2",,"10,191,350,119.7","11,942,230,508.3","13,268,458,231.9","14,390,442,307.4","15,805,692,545.9","16,853,087,485.4","17,953,786,416.1","18,173,839,147.4",..
Latvia,..,"7,949,253,765.9","28,619,991,391.7",,"28,330,632,928.6","30,432,796,305.7","31,329,367,172.7","27,239,653,843.5","28,052,325,862.0","30,458,763,245.5","34,416,012,859.2","34,102,913,582.4",..
Lebanon,"2,838,485,354.0","17,260,364,842.5","39,927,125,961.2",,"44,035,991,745.7","46,909,335,135.1","48,134,486,624.6","49,939,374,832.7","51,205,122,503.8","53,140,638,269.1","54,961,275,741.6","51,991,634,491.6",..
Lesotho,"596,415,104.5","887,295,267.9","2,622,336,147.9",,"2,526,185,314.2","2,421,470,018.2","2,499,803,984.3","2,372,280,102.5","2,165,408,359.2","2,405,289,384.4","2,575,892,261.5","2,376,328,637.3",..
Liberia,..,"874,000,000.0","2,398,000,000.0",,"2,721,000,000.0","3,067,000,000.0","3,144,000,000.0","3,177,000,000.0","3,277,826,000.0","3,285,455,000.0","3,264,000,000.0","3,070,518,100.0",..
Libya,"28,901,836,158.2","38,270,206,950.4","34,699,395,523.6",,"81,873,662,518.8","65,502,870,173.8","41,142,722,414.3","27,842,131,479.9","26,197,143,268.1","37,883,243,650.5","52,607,888,717.9","52,091,152,228.3",..
Liechtenstein,"1,421,466,239.6","2,483,953,102.8","5,739,977,477.5",,"5,456,009,384.7","6,391,735,893.8","6,657,170,923.4","6,268,391,521.2","6,237,264,055.2","6,552,858,738.7","6,876,981,286.4",..,..
Lithuania,..,"11,524,776,866.6","43,582,248,869.6",,"42,943,442,157.8","46,514,471,181.9","48,574,531,941.9","41,418,872,976.1","43,018,087,237.6","47,758,736,931.8","53,722,883,091.4","54,627,411,860.5",..
Luxembourg,"13,229,247,947.9","21,263,514,833.2","60,004,630,234.4",,"56,677,961,787.1","61,739,352,212.3","66,103,853,236.8","57,744,457,954.7","60,691,483,443.1","64,181,944,722.7","70,919,958,015.5","71,104,919,108.1",..
"Macao SAR, China","3,220,920,084.8","6,720,492,405.8","36,709,860,068.3",,"43,031,577,366.4","51,552,075,901.5","55,347,998,647.8","45,361,678,146.5","45,387,299,721.1","50,751,059,058.1","55,084,050,789.7","53,859,116,535.5",..
Madagascar,"3,931,334,870.7","4,629,247,091.0","11,551,821,062.3",,"11,578,978,052.9","12,423,557,906.9","12,522,959,157.2","11,323,023,786.6","11,848,615,018.4","13,176,313,233.2","13,853,433,947.6","14,114,631,280.7",..
Malawi,"1,880,771,556.3","1,743,506,531.3","8,004,000,737.3",,"6,028,487,928.8","5,518,880,768.6","6,047,813,437.3","6,373,212,640.8","5,433,040,159.9","6,303,292,264.2","6,917,301,908.6","7,666,704,427.0",..
Malaysia,"44,024,178,343.0","93,789,736,842.1","297,951,960,784.3",,"314,443,149,443.1","323,277,158,907.0","338,061,963,396.4","301,354,803,994.4","301,255,380,276.3","319,112,136,545.4","358,715,057,123.7","364,681,367,531.7",..
Maldives,"215,089,005.2","624,337,145.3","2,774,351,760.0",,"2,886,170,571.7","3,295,011,381.8","3,697,351,594.2","4,109,447,297.0","4,379,115,587.8","4,754,352,301.4","5,299,773,145.1","5,642,179,170.5",..
Mali,"2,681,912,030.5","2,954,129,565.8","12,995,074,801.1",,"12,441,946,098.4","13,242,680,704.6","14,364,859,445.9","13,104,802,016.2","14,025,944,550.4","15,365,627,045.1","17,070,758,732.2","17,279,566,718.6",..
Malta,"2,547,163,582.3","4,069,515,556.8","9,638,916,472.2",,"9,462,238,257.0","10,551,661,220.2","11,626,281,449.6","11,091,434,435.2","11,665,231,192.3","13,146,963,159.1","14,750,790,658.4","14,989,415,684.1",..
Marshall Islands,"78,476,000.0","115,347,500.0","174,332,100.0",,"182,874,800.0","187,707,400.0","184,689,500.0","184,599,600.0","200,558,400.0","212,881,000.0","221,278,000.0",..,..
Mauritania,"1,506,914,407.8","1,779,521,109.9","6,764,635,686.8",,"6,728,208,836.2","7,223,063,169.7","6,592,537,781.8","6,166,857,628.6","6,398,744,505.1","6,758,390,728.7","7,049,169,770.9","7,600,656,944.0",..
Mauritius,"2,653,480,001.3","4,663,313,620.0","11,518,393,367.2",,"11,668,685,524.1","12,129,642,296.4","12,803,445,933.6","11,692,287,066.4","12,232,463,655.6","13,259,351,418.4","14,181,951,058.5","14,048,430,518.6",..
Mexico,"261,253,582,805.9","707,906,744,574.6","1,180,489,601,957.6",,"1,201,089,987,015.5","1,274,443,084,716.6","1,315,351,183,524.5","1,171,867,608,197.7","1,078,490,651,625.3","1,158,913,035,796.4","1,222,348,807,283.2","1,268,870,527,160.0",..
"Micronesia, Fed. Sts.","147,200,000.0","233,271,800.0","311,301,600.0",,"327,248,700.0","317,214,400.0","319,271,200.0","316,489,900.0","332,265,200.0","366,666,800.0","401,932,300.0",..,..
Moldova,..,"1,288,429,391.8","8,414,360,656.3",,"8,709,165,249.3","9,496,684,701.4","9,510,219,299.5","7,745,231,660.3","8,071,480,540.9","9,669,759,987.0","11,456,717,193.3","11,968,713,370.5",..
Monaco,"2,481,316,053.9","2,647,883,815.6","6,088,808,463.3",,"5,743,029,680.1","6,555,983,530.3","7,069,616,048.9","6,261,622,101.4","6,472,990,923.2","6,431,314,957.1","7,188,238,072.7",..,..
Mongolia,"2,560,785,660.0","1,136,896,123.6","10,409,797,649.3",,"12,292,770,631.2","12,582,122,604.2","12,226,514,722.1","11,749,620,619.6","11,186,734,674.4","11,425,755,279.5","13,108,769,495.7","13,996,719,329.4",..
Montenegro,..,"984,297,589.4","4,544,575,152.0",,"4,087,561,649.5","4,464,502,433.6","4,587,741,791.1","4,053,097,851.4","4,373,958,353.5","4,844,606,145.8","5,504,255,213.6","5,542,577,965.0",..
Morocco,"30,180,108,561.9","38,857,251,336.3","101,370,474,295.1",,"98,266,306,615.4","106,825,649,872.1","110,081,248,587.4","101,179,808,076.4","103,311,649,248.0","109,682,728,023.1","118,096,227,400.1","119,700,325,461.9",..
Mozambique,..,"5,656,473,652.4","14,381,552,432.9",,"16,350,804,543.1","16,974,320,551.0","17,716,084,107.6","15,950,969,018.9","11,936,999,283.2","13,219,084,261.4","14,845,870,050.7","15,291,448,211.6",..
Myanmar,..,"8,905,066,163.6","59,977,326,086.0",,"59,937,797,559.3","60,269,734,044.5","65,446,199,787.8","67,822,772,707.1","67,184,236,746.6","68,945,867,477.6","76,168,043,981.6","76,085,852,617.1",..
Namibia,"2,785,764,518.0","3,833,993,703.0","12,343,501,808.2",,"13,041,886,316.5","12,011,207,741.5","12,356,482,988.9","11,272,143,472.6","10,665,634,688.1","12,741,746,523.9","13,454,211,343.6","12,366,528,259.2",..
Nauru,..,..,"66,055,407.7",,"96,927,201.5","98,491,843.6","104,654,365.2","86,779,266.2","100,087,349.0","109,585,941.6","124,021,393.7","118,223,430.1",..
Nepal,"3,627,562,402.7","5,494,252,207.9","18,913,574,370.8",,"18,851,513,891.1","19,271,168,018.5","20,002,968,837.9","21,410,840,908.5","21,185,922,407.6","25,180,583,770.3","29,173,513,475.7","30,641,380,604.0",..
Netherlands,"318,330,511,920.6","416,442,786,069.7","904,085,980,796.0",,"838,971,306,990.9","876,923,518,850.4","890,981,311,077.7","765,264,949,781.0","783,528,181,704.6","833,869,641,687.1","914,043,438,179.6","907,050,863,145.1",..
New Caledonia,"2,529,310,103.8","2,682,347,064.4",..,,..,..,..,..,..,..,..,..,..
New Zealand,"45,495,129,385.0","52,623,281,956.7","168,510,189,201.5",,"176,247,979,235.9","190,845,889,949.8","200,921,936,786.2","177,467,529,071.3","188,223,664,746.5","205,415,864,858.0","207,920,613,961.7","206,928,765,543.9",..
Nicaragua,"1,009,455,483.9","5,107,329,007.1","9,774,262,741.8",,"10,532,049,076.9","10,982,938,825.7","11,880,434,070.8","12,756,706,583.3","13,286,083,644.9","13,785,909,906.2","13,063,904,770.4","12,520,915,291.2",..
Niger,"3,512,356,353.1","2,236,185,389.9","8,772,951,261.8",,"9,426,913,349.2","10,224,897,934.7","10,862,944,203.6","9,685,577,941.0","10,355,006,770.1","11,189,541,083.4","12,846,952,856.8","12,911,689,659.4",..
Nigeria,"54,035,795,388.1","69,448,756,932.6","404,993,594,133.6",,"455,501,524,575.5","508,692,961,937.5","546,676,374,567.7","486,803,295,097.9","404,650,006,428.6","375,746,469,538.7","397,190,484,464.3","448,120,428,858.8",..
North Macedonia,"4,699,646,643.1","3,772,851,420.2","10,494,632,699.4",,"9,745,251,126.0","10,817,712,138.9","11,362,272,837.9","10,064,515,432.0","10,672,471,860.7","11,307,058,382.3","12,683,073,866.1","12,547,040,498.9",..
Northern Mariana Islands,..,..,"733,000,000.0",,"751,000,000.0","782,000,000.0","845,000,000.0","931,000,000.0","1,250,000,000.0","1,601,000,000.0","1,323,000,000.0",..,..
Norway,"119,791,683,307.5","171,247,131,268.6","498,283,438,454.3",,"509,506,317,146.5","522,761,531,914.9","498,410,050,251.3","385,801,550,067.2","368,819,929,542.2","398,393,955,269.0","434,166,615,431.9","403,336,363,636.4",..
Oman,"11,685,045,513.7","19,507,452,508.1","67,872,692,582.2",,"76,511,059,935.9","78,555,637,365.2","80,686,854,742.6","68,399,663,321.9","65,480,507,170.8","70,598,026,282.8","79,788,768,968.9","76,331,518,668.6",..
Pakistan,"40,010,423,970.5","82,017,743,416.3","213,587,413,184.0",,"224,383,620,829.6","231,218,567,179.0","244,360,888,750.8","270,556,131,701.2","278,654,637,737.7","304,567,253,219.1","314,567,541,558.3","278,221,906,022.8",..
Palau,..,"146,297,500.0","196,911,100.0",,"212,397,800.0","221,117,200.0","241,669,800.0","280,457,700.0","295,065,400.0","286,106,800.0","280,435,700.0","268,354,919.4",..
Panama,"6,433,967,000.0","12,304,115,000.0","34,686,200,000.0",,"40,429,700,000.0","45,600,000,000.0","49,921,500,000.0","54,091,700,000.0","57,907,700,000.0","62,219,000,000.0","65,128,200,000.0","66,800,800,000.0",..
Papua New Guinea,"3,219,730,365.0","3,521,339,699.1","17,984,910,495.7",,"21,295,659,249.2","21,261,432,774.5","23,210,682,536.8","21,723,531,182.1","20,759,069,104.6","22,742,613,549.4","24,109,509,856.2","24,829,107,011.1",..
Paraguay,"5,812,114,523.0","8,855,705,139.6","33,715,524,703.9",,"33,283,228,891.1","38,585,317,743.0","40,276,532,540.9","36,164,068,797.3","36,054,281,572.4","39,008,900,331.7","40,384,691,790.6","38,145,288,939.8",..
Peru,"26,410,386,669.4","51,744,749,133.2","171,761,737,046.6",,"192,648,999,090.1","201,175,469,114.3","200,789,362,451.6","189,805,300,841.6","191,895,943,823.9","211,007,207,483.5","222,044,970,486.2","226,848,050,819.5",..
Philippines,"44,311,593,755.8","83,670,261,708.0","234,216,730,703.9",,"261,920,542,606.9","283,902,829,721.1","297,483,553,299.7","306,445,871,632.3","318,627,003,966.1","328,480,738,147.2","346,841,896,890.3","376,795,508,678.9",..
Poland,"65,977,749,037.0","172,219,461,126.1","528,301,269,069.8",,"498,523,568,248.1","521,016,262,734.9","542,477,096,211.8","477,811,911,394.1","472,630,364,208.2","526,508,877,305.3","587,411,745,161.6","595,858,207,011.5",..
Portugal,"78,713,860,216.6","118,310,710,337.2","244,797,226,567.1",,"216,236,608,774.0","226,369,502,104.2","229,596,170,847.0","199,313,894,327.5","206,286,022,781.9","221,357,874,718.9","242,313,116,578.0","238,785,085,031.0",..
Puerto Rico,"30,603,919,000.0","61,701,800,000.0","100,351,700,000.0",,"101,564,800,000.0","102,450,000,000.0","102,445,800,000.0","103,375,500,000.0","104,336,700,000.0","103,445,500,000.0","100,979,900,000.0","104,988,600,000.0",..
Qatar,"7,360,439,423.1","17,759,890,109.9","167,775,268,614.0",,"186,833,502,362.1","198,727,642,979.3","206,224,598,564.6","161,739,955,577.7","151,732,181,857.1","161,099,122,215.3","183,334,953,813.2","175,837,550,996.2",..
Romania,"38,995,454,545.5","37,253,259,017.0","183,326,740,143.0",,"170,635,805,316.9","190,801,346,194.3","199,959,363,430.1","177,729,210,874.5","188,128,818,486.4","211,695,422,578.7","241,457,403,085.0","250,077,444,017.1",..
Russian Federation,"516,814,274,022.0","259,710,142,196.9","2,045,925,608,274.4",,"2,208,295,773,643.2","2,292,473,246,621.1","2,059,241,965,490.8","1,363,481,063,446.8","1,276,786,979,221.8","1,574,199,387,070.9","1,669,583,089,323.0","1,699,876,578,871.4",..
Rwanda,"2,550,185,618.1","2,068,929,591.8","6,884,889,635.5",,"7,655,138,385.4","7,819,538,349.2","8,246,166,341.4","8,545,441,361.1","8,697,268,916.0","9,253,098,954.3","9,635,951,159.8","10,354,417,725.2",..
Samoa,"125,766,269.8","269,019,710.3","737,401,692.2",,"760,549,587.1","770,021,664.0","756,919,917.3","788,307,330.6","799,376,439.5","832,153,612.6","821,496,064.5","852,250,191.0",..
San Marino,..,"1,005,159,388.2","1,813,752,784.0",,"1,604,779,648.0","1,678,841,811.7","1,673,973,694.7","1,419,394,771.2","1,468,377,272.1","1,528,630,707.5","1,655,300,872.5",..,..
Sao Tome and Principe,..,..,"231,488,665.2",,"250,680,453.1","300,553,785.0","346,527,949.8","316,065,369.9","345,495,358.4","375,614,556.4","412,261,829.6","418,637,389.0",..
Saudi Arabia,"117,630,271,802.5","189,514,926,222.7","671,238,840,108.2",,"735,974,843,348.7","746,647,127,407.6","756,350,347,320.4","654,269,902,888.7","644,935,541,446.5","688,586,244,286.5","786,521,831,572.0","792,966,838,161.7",..
Senegal,"7,237,100,724.3","5,924,239,700.8","17,902,207,621.6",,"17,824,398,468.9","18,965,572,150.3","19,797,254,643.1","17,774,766,636.0","19,040,312,815.1","20,996,564,751.6","23,236,007,428.3","23,578,084,052.0",..
Serbia,..,"6,875,845,986.5","49,258,136,129.0",,"43,309,252,921.1","48,394,239,474.7","47,062,206,677.7","39,655,958,842.5","40,692,643,373.0","44,179,055,279.9","50,640,650,221.5","51,475,016,532.1",..
Seychelles,"368,584,758.9","614,879,764.8","1,065,826,669.9",,"1,060,226,125.6","1,328,157,608.8","1,343,007,845.0","1,377,495,054.0","1,426,651,768.8","1,524,486,800.4","1,586,008,999.7","1,703,387,387.3",..
Sierra Leone,"649,644,826.8","635,874,002.2","2,942,546,781.0",,"3,801,862,611.4","4,920,343,195.0","5,015,157,815.7","4,218,723,875.1","3,674,794,530.2","3,739,577,973.2","4,085,114,794.2","4,121,733,705.3",..
Singapore,"36,144,336,768.7","96,074,477,958.2","279,351,168,707.3",,"295,087,220,933.0","307,576,360,585.0","314,851,156,183.4","308,004,146,057.6","318,652,334,419.1","341,863,349,989.1","373,217,081,850.5","372,062,527,488.6",..
Sint Maarten (Dutch part),..,..,"936,089,385.5",,"985,865,921.8","1,022,905,027.9","1,245,251,396.6","1,253,072,625.7","1,263,687,150.8","1,191,620,111.7","1,185,474,860.3",..,..
Slovak Republic,"12,747,380,650.1","29,169,953,012.7","99,122,802,874.2",,"94,534,730,680.6","98,848,641,554.6","101,189,715,749.4","88,467,555,243.7","89,655,253,976.4","95,494,424,978.5","105,701,930,963.0","105,079,673,009.7",..
Slovenia,"18,198,199,152.5","20,289,627,636.7","51,516,366,654.8",,"46,580,457,470.3","48,401,896,808.3","49,930,685,013.5","43,090,173,394.7","44,736,333,522.5","48,586,603,447.7","54,161,636,034.7","54,174,227,308.9",..
Solomon Islands,"208,003,796.3","429,169,368.6","1,049,952,233.3",,"1,190,994,126.6","1,284,698,922.2","1,335,538,893.3","1,307,061,543.7","1,378,551,118.5","1,483,758,906.6","1,593,964,162.2","1,589,913,622.2",..
Somalia,"917,044,228.0",..,..,,..,..,..,..,..,..,..,..,..
South Africa,"115,552,349,035.4","136,361,298,082.1","416,418,874,936.3",,"396,332,702,639.5","366,829,390,479.0","350,904,575,292.3","317,620,522,794.8","296,357,282,715.1","349,554,116,683.8","368,288,939,768.3","351,431,649,241.4",..
South Sudan,..,..,"14,907,308,932.8",,"11,931,472,169.5","18,426,469,016.9","13,962,212,847.5","11,997,800,760.2",..,..,..,..,..
Spain,"536,558,591,250.4","596,877,648,793.1","1,478,772,824,224.0",,"1,324,820,091,194.7","1,354,757,433,212.7","1,369,398,844,599.6","1,195,119,269,971.5","1,232,076,017,361.5","1,312,539,279,462.4","1,422,153,839,840.8","1,393,490,524,517.6",..
Sri Lanka,"8,032,551,173.2","16,330,814,180.0","65,292,753,005.5",,"68,434,409,315.1","74,317,806,538.4","79,356,449,840.6","80,604,080,688.6","82,401,038,709.5","87,428,125,557.6","88,425,889,592.2","84,008,783,756.1",..
St. Kitts and Nevis,"217,259,259.3","421,473,325.2","817,759,259.3",,"800,414,814.8","839,774,074.1","916,566,666.7","923,155,555.6","971,166,666.7","996,944,444.4","1,010,822,222.2","1,053,244,444.4",..
St. Lucia,"579,629,629.6","932,592,592.6","1,576,988,407.4",,"1,605,146,777.8","1,664,816,740.7","1,755,130,814.8","1,808,079,888.9","1,865,375,222.2","1,999,090,407.4","2,065,875,074.1","2,122,450,629.6",..
St. Martin (French part),..,..,..,,..,..,..,..,..,..,..,..,..
St. Vincent and the Grenadines,"240,365,262.6","396,261,370.4","676,129,629.6",,"692,933,333.3","721,207,407.4","727,714,814.8","755,400,000.0","774,429,629.6","792,177,777.8","811,300,000.0","824,718,518.5",..
Sudan,"12,408,647,541.0","12,257,418,326.1","57,060,450,038.1",,"52,766,746,152.2","57,730,380,599.5","64,941,713,057.4","74,294,508,239.6","51,772,232,494.9","45,021,077,955.3","33,128,480,498.7","30,513,456,084.8",..
Suriname,"388,400,000.0","947,671,969.7","4,422,276,621.8",,"4,980,000,000.0","5,145,757,575.8","5,240,606,060.6","4,787,367,928.1","3,128,953,536.9","3,216,207,914.3","3,464,656,616.4","3,697,371,949.6",..
Sweden,"261,846,194,498.9","262,835,454,366.9","574,094,112,972.7",,"552,483,727,282.8","586,841,821,796.9","581,964,017,237.1","505,103,781,349.8","515,654,671,469.5","541,018,749,769.1","555,455,371,487.1","530,883,869,005.0",..
Switzerland,"258,066,552,692.2","272,055,499,763.1","699,579,638,413.0",,"668,043,613,696.3","688,504,173,431.5","709,182,559,935.3","679,832,292,005.0","671,309,197,478.2","679,950,481,622.8","705,140,620,046.7","703,082,435,158.9",..
Syrian Arab Republic,"12,308,624,284.0","19,325,894,913.1",..,,..,..,..,..,..,..,..,..,..
Tajikistan,"2,629,395,066.3","860,521,119.3","6,522,732,202.5",,"7,633,049,792.1","8,448,469,837.5","9,112,544,556.1","7,854,602,391.7","6,952,678,127.0","7,157,865,188.3","7,522,947,810.1","8,116,626,794.3",..
Tanzania,"4,258,743,262.8","13,375,976,353.7","34,657,139,495.4",,"39,650,530,214.3","45,680,532,613.8","49,964,788,814.1","47,378,599,025.3","49,774,021,003.1","53,320,625,958.6","58,001,200,572.4","63,177,068,174.5",..
Thailand,"85,343,063,965.9","126,392,233,706.8","370,819,140,946.6",,"397,558,222,957.2","420,333,203,150.4","407,339,361,695.6","401,295,941,041.3","413,430,123,185.4","456,294,704,152.6","506,514,103,905.3","543,548,969,968.7",..
Timor-Leste,..,"367,087,900.0","1,054,725,400.0",,"1,147,779,600.0","1,395,524,600.0","1,447,311,400.0","1,594,410,800.0","1,650,608,600.0","1,599,338,100.0","1,559,894,900.0","2,017,924,900.0",..
Togo,"1,628,427,515.4","1,488,185,772.5","3,872,459,249.7",,"3,873,308,389.3","4,321,655,656.3","4,574,986,536.9","4,180,866,177.0","4,486,979,198.3","4,819,949,975.3","5,364,369,025.6","5,490,272,413.4",..
Tonga,"113,563,821.6","204,849,594.9","414,523,388.5",,"470,714,083.4","450,643,615.2","439,878,828.0","437,006,227.2","420,540,178.6","460,379,145.0","489,235,527.4","512,350,059.4",..
Trinidad and Tobago,"5,068,000,000.0","8,154,338,233.0","25,433,011,405.3",,"25,763,220,107.0","27,268,478,564.6","27,615,843,098.1","25,062,893,969.3","22,284,780,326.9","22,474,828,527.2","23,808,146,747.8","24,269,714,809.9",..
Tunisia,"12,290,568,181.8","21,473,188,881.6","45,810,626,509.4",,"45,044,112,939.4","46,251,061,734.5","47,632,326,088.2","43,173,480,832.0","41,801,210,428.3","39,802,430,354.6","39,770,297,329.0","38,796,687,568.2",..
Turkey,"150,676,291,094.2","274,302,959,127.2","838,785,707,000.2",,"880,555,967,207.5","957,799,371,565.7","938,934,394,763.9","864,314,287,105.7","869,683,121,562.5","858,988,610,574.0","778,381,859,840.9","761,425,499,358.2",..
Turkmenistan,"3,189,539,641.3","2,904,662,604.8","29,233,333,333.3",,"35,164,210,526.3","39,197,543,859.6","43,524,210,526.3","35,799,714,285.7","36,180,000,000.0","37,926,285,714.3","40,761,142,857.1",..,..
Turks and Caicos Islands,..,..,"728,789,600.0",,"727,161,000.0","754,238,000.0","841,070,000.0","942,070,000.0","1,032,452,000.0","1,022,365,000.0","1,113,178,000.0","1,197,415,000.0",..
Tuvalu,"8,824,447.7","13,742,057.1","38,711,810.2",,"37,671,774.7","37,509,075.1","37,290,607.5","35,492,074.2","36,547,799.6","40,619,252.0","42,588,165.0","47,271,463.3",..
Uganda,"4,304,398,865.9","6,193,246,837.1","27,752,712,167.5",,"27,188,666,946.7","28,791,625,559.2","32,472,363,451.9","32,248,116,583.7","29,078,719,934.0","30,756,466,548.1","32,916,147,253.3","35,165,157,016.9",..
Ukraine,"81,456,918,678.5","31,261,527,363.1","163,159,671,670.3",,"175,781,379,051.4","183,310,146,378.1","133,503,411,375.7","91,030,959,454.7","93,355,993,628.5","112,190,355,158.2","130,901,858,421.7","153,781,069,118.1",..
United Arab Emirates,"50,701,443,748.3","104,337,372,362.2","350,666,031,313.8",,"374,590,605,854.3","390,107,556,160.7","403,137,100,068.1","358,135,057,862.5","357,045,064,669.8","385,605,506,854.9","422,215,043,585.0","421,142,267,937.7",..
United Kingdom,"1,093,169,389,204.6","1,657,816,613,708.6","2,659,310,054,646.2",,"2,704,887,678,386.7","2,786,022,872,706.8","3,063,803,240,208.0","2,928,591,002,002.5","2,694,283,209,613.3","2,666,229,179,958.0","2,860,667,727,552.0","2,829,108,219,165.8",..
United States,"5,963,144,000,000.0","10,252,345,464,000.0","15,542,581,104,000.0",,"16,197,007,349,000.0","16,784,849,196,000.0","17,527,163,695,000.0","18,224,704,440,000.0","18,714,960,538,000.0","19,519,353,692,000.0","20,580,159,776,000.0","21,433,226,000,000.0",..
Uruguay,"9,298,839,655.2","22,823,255,803.1","47,962,439,302.7",,"51,264,390,114.2","57,531,233,351.2","57,236,013,087.7","53,274,304,222.2","52,687,612,262.2","59,530,088,537.3","59,596,885,024.3","56,045,912,953.0",..
Uzbekistan,"13,360,607,917.9","13,760,513,969.3","56,516,280,748.4",,"63,628,854,498.5","68,997,168,337.7","76,658,542,757.5","81,847,410,181.8","81,779,012,350.9","59,159,945,320.6","50,392,607,758.2","57,921,286,440.3",..
Vanuatu,"168,879,207.2","272,014,693.1","792,149,700.7",,"781,702,874.1","801,787,555.9","814,954,307.0","759,689,950.9","804,332,795.6","880,043,553.7","914,700,508.2","934,239,973.8",..
"Venezuela, RB","48,598,315,565.0","117,140,723,529.4","316,482,190,800.4",,"381,286,237,847.7","371,005,379,786.6","482,359,318,767.7",..,..,..,..,..,..
Vietnam,"6,471,740,805.6","31,172,518,403.3","135,539,438,559.7",,"155,820,001,920.5","171,222,025,117.4","186,204,652,922.3","193,241,108,709.5","205,276,172,134.9","223,779,865,815.2","245,213,686,369.2","261,921,244,843.2",..
Virgin Islands (U.S.),..,..,"4,239,000,000.0",,"4,095,000,000.0","3,762,000,000.0","3,622,000,000.0","3,748,000,000.0","3,863,000,000.0","3,855,000,000.0",..,..,..
West Bank and Gaza,..,"4,313,600,000.0","11,186,100,000.0",,"12,208,400,000.0","13,515,500,000.0","13,989,700,000.0","13,972,400,000.0","15,405,400,000.0","16,128,000,000.0","16,276,600,000.0",..,..
"Yemen, Rep.","5,647,119,229.0","9,652,436,179.6","32,726,417,212.3",,"35,401,341,663.0","40,415,235,702.0","43,206,469,767.4","42,450,620,875.6","30,935,978,723.7","26,736,139,802.0","23,486,270,352.3","22,581,081,993.9",..
Zambia,"3,285,217,391.3","3,600,683,039.7","23,459,515,275.6",,"25,503,060,420.0","28,045,553,105.1","27,150,728,123.8","21,243,339,048.2","20,954,754,378.1","25,868,165,344.8","26,312,140,828.6","23,309,773,922.8",..
Zimbabwe,"8,783,816,700.0","6,689,957,600.0","14,101,920,300.0",,"17,114,849,900.0","19,091,020,000.0","19,495,519,600.0","19,963,120,600.0","20,548,678,100.0","22,040,902,300.0","24,311,560,500.0","21,440,758,800.0",..
Arab World,"447,403,057,842.3","735,685,319,268.8","2,494,028,778,449.3",,"2,773,499,064,014.8","2,856,372,458,851.0","2,894,391,168,409.5","2,534,723,688,142.2","2,469,440,154,484.4","2,516,121,177,762.8","2,771,384,097,904.5","2,817,414,584,665.1",..
Caribbean small states,"18,011,676,248.2","34,198,261,849.1","69,668,274,255.6",,"72,051,118,641.8","73,417,589,878.4","74,433,668,499.3","72,828,471,570.5","69,191,343,076.2","71,452,564,226.3","74,967,267,520.2","77,721,714,917.9",..
Central Europe and the Baltics,"262,824,456,623.2","428,026,479,180.4","1,449,107,473,075.3",,"1,352,688,633,437.4","1,422,193,604,145.1","1,464,899,669,967.4","1,292,086,768,710.8","1,320,631,381,338.5","1,463,498,188,698.1","1,644,435,698,536.6","1,668,851,928,931.9",..
Early-demographic dividend,"1,819,322,596,299.4","3,310,687,184,969.1","9,613,820,765,240.1",,"10,081,635,886,117.6","10,259,814,437,389.4","10,620,471,211,777.0","10,311,638,541,292.5","10,550,444,704,869.4","11,399,719,349,294.5","11,645,984,950,915.1","11,989,867,025,219.9",..
East Asia & Pacific,"4,736,015,998,425.8","8,297,737,596,565.2","19,687,376,400,049.3",,"21,072,075,411,804.3","21,318,560,290,646.4","22,002,182,897,791.7","21,911,638,600,129.5","22,658,589,044,442.5","24,222,685,964,338.3","26,351,346,134,237.6","26,987,767,528,542.9",..
East Asia & Pacific (excluding high income),"662,879,649,054.8","1,737,749,129,261.3","9,620,273,762,794.1",,"10,727,640,354,235.6","11,835,629,991,510.1","12,761,629,787,232.4","13,294,602,254,117.5","13,575,794,190,520.2","14,835,961,478,596.2","16,594,146,987,960.9","17,214,775,860,650.6",..
East Asia & Pacific (IDA & IBRD countries),"661,517,291,876.9","1,734,177,689,101.7","9,601,739,619,657.9",,"10,706,984,951,239.6","11,812,889,074,004.2","12,737,160,518,776.3","13,269,125,320,570.9","13,549,821,527,676.3","14,807,652,296,163.7","16,562,482,144,146.1","17,181,893,729,969.4",..
Euro area,"5,882,985,731,385.2","6,479,499,625,836.8","13,623,185,516,340.3",,"12,639,557,374,481.5","13,190,250,310,518.0","13,490,553,822,082.7","11,668,482,860,489.5","11,967,164,887,075.7","12,671,044,522,003.4","13,686,889,517,984.1","13,356,063,677,260.5",..
Europe & Central Asia,"8,853,717,201,319.8","10,032,230,959,415.0","23,249,955,211,795.0",,"22,412,505,450,270.7","23,421,005,051,887.5","23,738,526,473,026.0","20,450,302,716,605.9","20,388,826,551,162.8","21,610,837,008,711.6","23,145,668,465,857.4","22,792,819,661,712.7",..
Europe & Central Asia (excluding high income),"894,075,442,146.7","662,443,215,872.8","3,660,261,685,135.8",,"3,904,070,673,139.4","4,139,016,998,710.2","3,841,761,017,808.3","2,916,638,590,939.4","2,773,218,419,978.2","3,114,811,233,223.4","3,192,144,799,381.4","3,248,461,689,441.9",..
Europe & Central Asia (IDA & IBRD countries),"1,020,717,699,700.9","893,549,607,696.7","4,434,427,545,701.2",,"4,629,810,866,328.3","4,909,028,677,073.6","4,641,837,066,255.7","3,621,705,460,711.8","3,485,578,750,338.6","3,908,497,177,205.5","4,082,389,169,975.1","4,155,157,371,202.3",..
European Union,"6,500,670,912,427.2","7,259,892,617,357.3","15,744,157,300,202.9",,"14,636,296,706,794.8","15,293,400,915,549.8","15,632,613,367,402.2","13,545,081,361,696.3","13,886,845,315,710.6","14,758,432,346,844.8","15,965,026,482,630.7","15,626,448,476,438.3",..
Fragile and conflict affected situations,"259,628,018,818.4","412,071,314,412.6","1,453,117,436,183.7",,"1,678,806,401,944.6","1,763,713,251,391.6","1,923,217,210,047.7","1,726,905,458,298.1","1,550,706,828,001.6","1,569,590,877,815.7","1,698,248,056,693.4","1,778,456,492,418.6",..
Heavily indebted poor countries (HIPC),"137,680,149,511.3","169,208,402,098.4","546,434,357,935.1",,"580,700,670,678.4","647,872,456,883.4","683,129,004,022.8","676,805,764,502.9","669,728,831,074.0","713,187,205,161.6","759,123,536,838.0","783,061,756,161.7",..
High income,"18,965,140,036,042.7","27,650,770,374,936.6","49,211,742,295,134.1",,"49,262,520,032,118.8","49,886,888,092,442.7","50,986,874,848,795.0","48,169,284,431,931.2","49,181,225,871,698.4","51,468,319,156,973.6","54,656,884,279,246.1","55,140,634,994,666.2",..
IBRD only,"3,458,053,916,106.5","5,811,794,725,423.7","23,645,033,386,793.8",,"25,140,839,772,231.0","26,561,030,339,655.5","27,475,647,429,348.0","25,950,065,325,005.5","26,153,434,029,171.9","28,864,183,920,440.6","30,807,716,110,874.3","31,604,112,806,477.3",..
IDA & IBRD total,"3,796,906,925,093.6","6,282,095,000,587.5","25,307,796,387,400.4",,"26,931,505,224,687.8","28,527,413,148,525.7","29,578,253,145,897.4","28,039,830,398,545.9","28,183,036,024,025.6","30,964,942,653,522.8","33,032,316,632,670.9","33,917,225,227,399.2",..
IDA blend,"145,134,846,992.3","206,220,309,154.1","804,396,356,884.6",,"889,578,509,972.2","965,837,023,753.6","1,036,701,798,768.2","999,758,125,096.1","931,080,758,172.1","922,589,446,187.7","964,268,064,192.8","991,547,520,067.2",..
IDA only,"196,272,296,598.4","265,070,796,314.1","853,829,332,625.4",,"895,130,563,809.0","998,443,037,641.4","1,066,194,850,212.6","1,095,337,766,619.5","1,105,541,093,456.1","1,185,503,744,780.5","1,268,823,087,329.6","1,331,970,889,524.4",..
IDA total,"342,195,618,186.1","472,835,273,132.4","1,664,987,161,326.9",,"1,794,078,345,206.9","1,973,428,801,628.5","2,112,917,151,582.2","2,102,314,112,248.2","2,039,741,254,149.6","2,107,387,269,941.8","2,231,098,324,742.7","2,320,313,648,145.5",..
Late-demographic dividend,"2,034,408,442,230.5","3,403,054,685,731.0","16,458,769,415,923.9",,"17,607,169,172,335.6","18,977,342,818,570.6","19,698,463,710,450.9","18,471,432,307,959.4","18,516,557,706,974.8","20,547,417,514,605.1","22,508,844,559,569.0","22,983,532,467,508.6",..
Latin America & Caribbean,"1,179,423,827,275.4","2,292,220,469,358.9","6,087,457,540,728.1",,"6,150,616,417,221.5","6,301,890,298,662.8","6,425,251,637,774.6","5,529,111,180,660.9","5,398,482,890,244.7","5,995,428,836,310.1","5,823,558,182,037.6","5,733,773,582,151.2",..
Latin America & Caribbean (excluding high income),"1,083,345,539,027.4","2,085,517,971,693.8","5,592,263,150,707.7",,"5,629,206,749,772.0","5,755,372,416,436.8","5,891,055,018,081.2","5,006,910,615,827.8","4,865,726,916,709.9","5,425,412,038,876.1","5,226,072,829,129.2","5,149,595,087,470.2",..
Latin America & the Caribbean (IDA & IBRD countries),"1,109,291,526,561.1","2,177,343,056,577.2","5,885,562,189,741.4",,"5,942,645,743,012.9","6,089,029,695,834.1","6,207,880,304,227.7","5,300,255,692,640.2","5,162,837,726,209.5","5,755,251,917,064.2","5,581,213,225,246.0","5,487,957,496,814.4",..
Least developed countries: UN classification,"164,015,920,994.6","219,132,860,723.6","778,767,083,261.9",,"826,383,452,265.8","901,616,161,230.4","974,055,229,893.7","966,458,681,284.5","950,657,771,886.4","1,033,422,643,377.6","1,073,440,853,752.1","1,115,238,042,585.4",..
Low & middle income,"3,652,981,595,853.4","5,962,901,993,726.6","24,257,492,259,031.4",,"25,911,940,008,002.9","27,445,087,282,780.4","28,483,329,039,856.0","27,066,524,748,193.7","27,200,380,589,510.3","29,869,835,182,245.5","31,817,960,829,724.9","32,709,070,487,543.0",..
Low income,"109,176,597,222.8","134,080,779,174.6","427,682,679,501.3",,"449,651,881,090.4","492,863,774,346.0","527,424,451,180.5","533,734,870,124.5","488,936,926,500.8","503,283,508,816.8","518,428,827,997.3","541,511,926,907.3",..
Lower middle income,"871,393,976,756.0","1,219,872,747,378.8","4,422,887,680,134.9",,"4,668,067,570,340.3","4,918,038,585,627.8","5,226,217,431,859.4","5,182,268,735,537.2","5,360,983,734,802.0","5,768,755,648,290.7","6,007,305,623,255.8","6,334,933,300,545.6",..
Middle East & North Africa,"550,964,012,809.0","966,793,939,323.5","3,280,524,945,926.3",,"3,576,379,622,627.0","3,548,728,301,289.7","3,569,880,025,466.9","3,143,961,312,693.3","3,155,520,650,807.1","3,272,607,336,333.9","3,566,140,736,118.8","3,649,607,782,728.2",..
Middle East & North Africa (excluding high income),..,"451,663,956,562.2","1,566,916,852,595.9",,"1,729,643,567,215.2","1,619,240,456,888.0","1,599,403,833,225.2","1,440,212,700,192.3","1,459,985,957,527.8","1,436,549,350,150.4","1,520,424,748,699.0",..,..
Middle East & North Africa (IDA & IBRD countries),..,"447,309,707,382.0","1,555,699,890,932.7",,"1,717,407,464,451.6","1,605,603,770,808.5","1,585,265,223,315.1","1,426,043,431,411.4","1,444,324,321,117.9","1,420,124,946,945.3","1,503,870,646,199.3",..,..
Middle income,"3,549,400,309,645.4","5,832,220,849,562.3","23,825,657,402,234.9",,"25,456,336,153,963.0","26,949,417,332,375.6","27,956,218,907,118.6","26,539,231,023,472.9","26,707,878,448,640.1","29,355,518,486,024.9","31,284,038,166,251.0","32,153,305,760,637.5",..
North America,"6,558,665,950,908.5","10,998,121,151,318.6","17,337,541,701,047.8",,"18,032,074,866,349.0","18,638,523,474,155.3","19,337,110,892,844.6","19,787,488,505,418.2","20,250,103,662,982.1","21,176,374,062,226.8","22,303,646,726,082.2","23,177,135,742,520.0",..
Not classified,..,..,..,,..,..,..,..,..,..,..,..,..
OECD members,"18,772,635,793,037.7","27,502,312,256,114.4","48,451,045,338,400.6",,"48,424,374,706,149.9","49,078,639,087,279.9","50,111,815,274,171.6","47,286,499,263,673.5","48,179,034,147,539.2","50,320,155,133,068.0","53,201,637,655,856.4","53,699,374,881,339.8",..
Other small states,"54,720,419,608.4","91,292,277,740.3","396,955,486,136.7",,"414,384,564,144.5","432,374,768,925.0","446,839,099,917.4","370,774,396,651.6","366,401,331,400.4","398,893,497,014.3","442,417,900,539.2","432,092,892,349.4",..
Pacific island small states,"2,343,530,367.5","3,460,016,615.3","7,737,574,650.7",,"8,223,336,839.6","8,544,448,803.9","9,271,534,113.6","9,049,548,346.3","9,475,857,773.5","10,212,875,641.1","10,667,782,837.6","10,634,784,072.6",..
Post-demographic dividend,"18,369,745,279,450.5","26,283,490,362,507.8","45,663,523,980,497.1",,"45,621,668,588,058.9","46,082,323,358,324.4","47,033,622,109,453.8","44,518,542,519,300.0","45,500,484,584,505.3","47,470,259,139,153.2","50,282,104,947,774.3","50,769,917,916,181.5",..
Pre-demographic dividend,"197,908,305,136.5","243,903,901,162.7","1,181,588,267,636.9",,"1,301,869,280,376.9","1,428,106,308,372.7","1,507,685,425,623.5","1,340,468,680,424.6","1,218,123,189,348.8","1,267,095,772,749.3","1,338,754,447,614.0","1,403,794,376,560.5",..
Small states,"74,985,438,895.2","128,940,492,753.9","474,361,335,043.0",,"494,659,019,625.9","514,336,807,607.3","530,544,302,530.4","452,652,416,568.5","445,068,532,250.1","480,558,936,881.7","528,052,950,897.0","520,457,174,770.6",..
South Asia,"407,199,618,240.7","630,429,061,929.2","2,271,837,830,662.8",,"2,297,332,203,012.9","2,357,132,410,757.7","2,581,822,536,186.8","2,697,257,705,966.3","2,923,010,601,938.0","3,345,716,338,949.2","3,445,471,615,274.8","3,591,836,570,466.9",..
South Asia (IDA & IBRD),"407,199,618,240.7","630,429,061,929.2","2,271,837,830,662.8",,"2,297,332,203,012.9","2,357,132,410,757.7","2,581,822,536,186.8","2,697,257,705,966.3","2,923,010,601,938.0","3,345,716,338,949.2","3,445,471,615,274.8","3,591,836,570,466.9",..
Sub-Saharan Africa,"340,127,469,754.4","400,342,778,835.0","1,553,945,789,839.4",,"1,635,107,344,173.1","1,742,079,222,307.1","1,808,737,756,281.4","1,661,914,707,751.2","1,540,370,434,904.9","1,641,784,086,541.6","1,721,156,393,779.7","1,766,941,400,078.1",..
Sub-Saharan Africa (excluding high income),"337,112,493,414.1","395,042,771,374.8","1,541,363,847,367.1",,"1,622,381,989,823.8","1,728,625,447,634.0","1,794,595,480,407.5","1,648,848,763,840.9","1,526,703,538,849.8","1,626,990,301,193.1","1,705,376,028,962.5","1,751,180,043,654.4",..
Sub-Saharan Africa (IDA & IBRD countries),"340,127,469,754.4","400,342,778,835.0","1,553,945,789,839.4",,"1,635,107,344,173.1","1,742,079,222,307.1","1,808,737,756,281.4","1,661,914,707,751.2","1,540,370,434,904.9","1,641,784,086,541.6","1,721,156,393,779.7","1,766,941,400,078.1",..
Upper middle income,"2,675,704,948,544.1","4,612,564,111,643.9","19,402,769,722,100.0",,"20,788,268,583,622.6","22,031,378,746,747.7","22,730,001,475,259.2","21,352,171,851,051.4","21,338,913,049,379.8","23,580,671,477,850.7","25,273,285,727,694.1","25,807,761,543,981.8",..
World,"22,626,736,590,326.0","33,623,637,910,868.8","73,460,345,663,712.1",,"75,161,778,950,115.1","77,316,336,530,735.1","79,453,254,441,374.8","75,217,722,628,911.6","76,368,999,871,236.7","81,306,030,232,472.9","86,439,423,191,635.8","87,798,525,859,220.9",..
"Created from: World Development Indicators
Series : GDP (current US$)",,,,,,,,,,,,,
