 ,1990,2000,2011,2012,,2013,2014,2015,2016,2017,2018,2019,2020
Afghanistan,"6,344,615.0","10,689,506.0","15,415,362.0","15,964,873.0",,"16,554,276.0","17,138,798.0","17,686,166.0","18,187,045.0","18,652,134.0","19,093,281.0","19,529,725.0",..
Albania,"1,682,999.0","1,563,154.0","1,466,246.0","1,467,285.0",,"1,468,260.0","1,468,434.0","1,466,457.0","1,465,287.0","1,464,130.0","1,460,043.0","1,453,180.0",..
Algeria,"13,036,363.0","15,731,097.0","18,505,614.0","18,871,557.0",,"19,256,114.0","19,654,928.0","20,063,894.0","20,481,904.0","20,906,768.0","21,332,000.0","21,749,666.0",..
American Samoa,..,..,..,..,,..,..,..,..,..,..,..,..
Andorra,..,..,..,..,,..,..,..,..,..,..,..,..
Angola,"5,936,748.0","8,155,017.0","11,974,824.0","12,413,555.0",,"12,863,798.0","13,323,491.0","13,791,244.0","14,266,356.0","14,749,309.0","15,241,447.0","15,744,777.0",..
Antigua and Barbuda,"30,312.0","35,714.0","42,764.0","43,374.0",,"43,954.0","44,502.0","45,026.0","45,521.0","45,986.0","46,421.0","46,852.0",..
Argentina,"15,884,934.0","17,894,721.0","20,082,606.0","20,318,174.0",,"20,552,749.0","20,785,770.0","21,016,705.0","21,245,521.0","21,472,290.0","21,696,699.0","21,918,496.0",..
Armenia,"1,714,815.0","1,440,917.0","1,346,389.0","1,351,250.0",,"1,359,255.0","1,367,900.0","1,375,330.0","1,381,014.0","1,385,371.0","1,388,616.0","1,391,270.0",..
Aruba,"30,658.0","43,841.0","48,646.0","48,868.0",,"49,112.0","49,367.0","49,598.0","49,824.0","50,035.0","50,244.0","50,445.0",..
Australia,"8,507,178.0","9,554,138.0","11,167,269.0","11,355,294.0",,"11,541,758.0","11,705,167.0","11,867,302.0","12,049,619.0","12,252,228.0","12,441,473.0","12,631,543.0",..
Austria,"3,672,618.0","3,888,395.0","4,092,609.0","4,114,435.0",,"4,142,296.0","4,178,984.0","4,231,048.0","4,282,881.0","4,319,226.0","4,346,935.0","4,370,954.0",..
Azerbaijan,"3,500,492.0","3,935,204.0","4,549,072.0","4,614,067.0",,"4,678,173.0","4,740,934.0","4,801,750.0","4,859,774.0","4,911,735.0","4,958,380.0","5,003,653.0",..
"Bahamas, The","127,132.0","145,178.0","174,268.0","176,255.0",,"178,059.0","179,814.0","181,611.0","183,481.0","185,390.0","187,324.0","189,228.0",..
Bahrain,"286,170.0","381,226.0","796,036.0","806,031.0",,"811,369.0","822,541.0","846,755.0","886,937.0","939,848.0","998,975.0","1,054,802.0",..
Bangladesh,"53,216,138.0","65,594,994.0","75,810,021.0","76,644,946.0",,"77,506,257.0","78,369,631.0","79,217,151.0","80,045,712.0","80,861,559.0","81,666,653.0","82,473,785.0",..
Barbados,"125,540.0","130,454.0","135,877.0","136,341.0",,"136,770.0","137,169.0","137,547.0","137,901.0","138,225.0","138,525.0","138,815.0",..
Belarus,"4,778,569.0","4,684,735.0","4,403,575.0","4,400,129.0",,"4,402,160.0","4,407,587.0","4,415,767.0","4,421,963.0","4,420,722.0","4,413,995.0","4,406,638.0",..
Belgium,"4,876,707.0","5,019,740.0","5,420,651.0","5,453,743.0",,"5,479,418.0","5,505,521.0","5,541,882.0","5,577,477.0","5,609,017.0","5,645,728.0","5,684,122.0",..
Belize,"94,571.0","124,519.0","165,115.0","168,917.0",,"172,703.0","176,447.0","180,138.0","183,752.0","187,293.0","190,798.0","194,282.0",..
Benin,"2,423,543.0","3,382,860.0","4,701,607.0","4,838,352.0",,"4,978,893.0","5,122,908.0","5,270,127.0","5,420,567.0","5,574,303.0","5,731,245.0","5,891,256.0",..
Bermuda,..,..,..,..,,..,..,..,..,..,..,..,..
Bhutan,"272,813.0","302,287.0","364,319.0","368,927.0",,"373,824.0","378,891.0","384,013.0","389,212.0","394,502.0","399,809.0","405,031.0",..
Bolivia,"3,451,706.0","4,234,817.0","5,137,928.0","5,219,813.0",,"5,301,541.0","5,382,819.0","5,463,443.0","5,543,312.0","5,622,488.0","5,701,162.0","5,779,610.0",..
Bosnia and Herzegovina,"2,210,490.0","1,841,611.0","1,797,360.0","1,769,247.0",,"1,738,044.0","1,707,764.0","1,681,343.0","1,659,725.0","1,642,269.0","1,628,375.0","1,616,800.0",..
Botswana,"615,288.0","795,433.0","983,427.0","991,624.0",,"998,688.0","1,007,819.0","1,021,216.0","1,039,723.0","1,062,494.0","1,088,049.0","1,114,113.0",..
Brazil,"74,077,776.0","86,581,634.0","97,385,183.0","98,220,333.0",,"99,043,431.0","99,855,748.0","100,657,521.0","101,450,193.0","102,232,091.0","102,996,245.0","103,733,164.0",..
British Virgin Islands,..,..,..,..,,..,..,..,..,..,..,..,..
Brunei Darussalam,"136,443.0","168,749.0","203,744.0","206,866.0",,"210,001.0","213,017.0","215,824.0","218,381.0","220,724.0","222,905.0","224,976.0",..
Bulgaria,"4,296,745.0","3,981,626.0","3,578,030.0","3,556,675.0",,"3,535,805.0","3,514,595.0","3,491,057.0","3,465,478.0","3,439,061.0","3,413,178.0","3,388,224.0",..
Burkina Faso,"4,305,690.0","5,701,658.0","7,981,452.0","8,231,726.0",,"8,488,205.0","8,750,625.0","9,018,776.0","9,292,529.0","9,571,872.0","9,856,908.0","10,147,772.0",..
Burundi,"2,664,652.0","3,131,928.0","4,429,454.0","4,573,299.0",,"4,720,463.0","4,872,572.0","5,030,733.0","5,195,255.0","5,365,503.0","5,540,530.0","5,718,989.0",..
Cabo Verde,"160,190.0","206,014.0","249,766.0","253,244.0",,"256,563.0","259,815.0","263,072.0","266,352.0","269,625.0","272,868.0","276,035.0",..
Cambodia,"4,334,680.0","5,907,469.0","7,087,006.0","7,205,612.0",,"7,326,767.0","7,448,808.0","7,570,441.0","7,691,292.0","7,811,386.0","7,930,229.0","8,047,364.0",..
Cameroon,"5,856,358.0","7,722,267.0","10,438,336.0","10,729,397.0",,"11,026,876.0","11,330,732.0","11,640,876.0","11,957,208.0","12,279,485.0","12,607,239.0","12,939,924.0",..
Canada,"13,730,936.0","15,200,542.0","17,035,831.0","17,219,264.0",,"17,399,107.0","17,572,607.0","17,703,599.0","17,906,490.0","18,124,551.0","18,383,790.0","18,651,974.0",..
Cayman Islands,..,..,..,..,,..,..,..,..,..,..,..,..
Central African Republic,"1,382,253.0","1,795,026.0","2,187,972.0","2,197,288.0",,"2,203,460.0","2,211,898.0","2,226,565.0","2,248,838.0","2,277,878.0","2,312,821.0","2,351,976.0",..
Chad,"2,957,699.0","4,158,930.0","6,166,546.0","6,378,519.0",,"6,596,368.0","6,817,946.0","7,041,736.0","7,267,239.0","7,495,009.0","7,725,735.0","7,960,519.0",..
Channel Islands,"68,397.0","72,299.0","79,371.0","79,949.0",,"80,479.0","81,042.0","81,715.0","82,514.0","83,410.0","84,347.0","85,252.0",..
Chile,"6,519,945.0","7,548,166.0","8,481,049.0","8,562,864.0",,"8,647,026.0","8,739,819.0","8,844,799.0","8,965,256.0","9,097,254.0","9,228,413.0","9,341,775.0",..
China,"582,463,866.0","647,869,175.0","690,707,252.0","694,017,710.0",,"697,356,463.0","700,776,622.0","704,210,775.0","707,884,097.0","711,687,182.0","714,757,755.0","717,118,675.0",..
Colombia,"16,315,306.0","19,427,307.0","22,374,122.0","22,575,015.0",,"22,780,030.0","23,013,034.0","23,288,781.0","23,618,154.0","23,990,081.0","24,370,780.0","24,713,193.0",..
Comoros,"206,384.0","272,852.0","356,183.0","364,954.0",,"373,892.0","382,953.0","392,083.0","401,271.0","410,523.0","419,834.0","429,207.0",..
"Congo, Dem. Rep.","17,079,144.0","23,359,139.0","33,244,603.0","34,385,068.0",,"35,561,915.0","36,773,966.0","38,019,966.0","39,299,342.0","40,610,874.0","41,951,875.0","43,319,103.0",..
"Congo, Rep.","1,158,798.0","1,543,325.0","2,188,039.0","2,246,780.0",,"2,304,085.0","2,362,145.0","2,422,572.0","2,485,796.0","2,551,316.0","2,618,741.0","2,687,360.0",..
Costa Rica,"1,571,467.0","1,988,649.0","2,320,217.0","2,347,233.0",,"2,373,807.0","2,399,919.0","2,425,529.0","2,450,644.0","2,475,234.0","2,499,228.0","2,522,539.0",..
Cote d'Ivoire,"6,208,228.0","8,478,768.0","10,668,127.0","10,921,921.0",,"11,187,177.0","11,462,647.0","11,747,316.0","12,041,034.0","12,343,864.0","12,655,168.0","12,974,201.0",..
Croatia,"2,316,299.0","2,151,012.0","2,061,076.0","2,053,880.0",,"2,047,224.0","2,038,228.0","2,021,330.0","2,007,658.0","1,984,597.0","1,968,189.0","1,959,758.0",..
Cuba,"5,307,316.0","5,547,101.0","5,587,410.0","5,596,446.0",,"5,608,386.0","5,619,688.0","5,627,752.0","5,631,930.0","5,632,958.0","5,631,330.0","5,627,928.0",..
Curacao,"69,768.0","62,850.0","69,169.0","69,676.0",,"70,447.0","71,405.0","72,374.0","73,184.0","73,468.0","73,355.0","72,380.0",..
Cyprus,"388,630.0","475,428.0","561,356.0","566,741.0",,"571,805.0","576,667.0","581,394.0","586,029.0","590,548.0","594,977.0","599,298.0",..
Czech Republic,"5,016,186.0","4,988,828.0","5,155,257.0","5,163,916.0",,"5,165,713.0","5,171,045.0","5,181,793.0","5,193,218.0","5,209,106.0","5,229,012.0","5,251,029.0",..
Denmark,"2,535,725.0","2,642,115.0","2,765,430.0","2,777,284.0",,"2,790,261.0","2,805,574.0","2,826,216.0","2,848,688.0","2,867,015.0","2,880,932.0","2,892,878.0",..
Djibouti,"296,962.0","360,763.0","455,733.0","463,209.0",,"469,896.0","476,389.0","483,114.0","490,174.0","497,395.0","504,710.0","511,949.0",..
Dominica,..,..,..,..,,..,..,..,..,..,..,..,..
Dominican Republic,"3,589,320.0","4,244,649.0","4,922,521.0","4,979,007.0",,"5,035,366.0","5,091,524.0","5,147,370.0","5,202,943.0","5,258,184.0","5,312,754.0","5,366,198.0",..
Ecuador,"5,143,707.0","6,365,159.0","7,635,557.0","7,749,520.0",,"7,865,061.0","7,986,084.0","8,114,958.0","8,253,233.0","8,399,041.0","8,547,197.0","8,690,490.0",..
"Egypt, Arab Rep.","28,206,574.0","34,650,424.0","42,706,356.0","43,668,307.0",,"44,673,997.0","45,697,157.0","46,717,677.0","47,729,771.0","48,735,777.0","49,733,470.0","50,722,597.0",..
El Salvador,"2,570,976.0","2,836,195.0","2,934,825.0","2,943,739.0",,"2,953,267.0","2,963,439.0","2,974,230.0","2,985,693.0","2,997,809.0","3,010,430.0","3,023,354.0",..
Equatorial Guinea,"208,020.0","314,424.0","539,062.0","565,317.0",,"591,999.0","618,929.0","645,982.0","673,069.0","700,110.0","727,058.0","753,825.0",..
Eritrea,"1,129,540.0","1,141,069.0","1,606,565.0",..,,..,..,..,..,..,..,..,..
Estonia,"733,797.0","651,567.0","618,522.0","616,624.0",,"614,840.0","613,871.0","615,261.0","616,810.0","619,230.0","623,201.0","627,071.0",..
Eswatini,"389,377.0","483,484.0","506,889.0","512,380.0",,"518,537.0","525,208.0","532,233.0","539,592.0","547,251.0","555,041.0","562,789.0",..
Ethiopia,"23,880,379.0","33,019,425.0","44,989,927.0","46,300,208.0",,"47,648,721.0","49,021,682.0","50,408,591.0","51,805,877.0","53,214,774.0","54,635,339.0","56,069,010.0",..
Faroe Islands,..,..,..,..,,..,..,..,..,..,..,..,..
Fiji,"370,087.0","411,973.0","440,531.0","440,960.0",,"440,762.0","440,710.0","441,369.0","442,909.0","445,149.0","447,921.0","450,958.0",..
Finland,"2,419,886.0","2,526,845.0","2,645,901.0","2,660,106.0",,"2,673,973.0","2,686,568.0","2,696,829.0","2,705,857.0","2,713,357.0","2,718,009.0","2,721,371.0",..
France,"28,340,424.0","29,545,788.0","31,656,528.0","31,814,439.0",,"31,981,567.0","32,133,948.0","32,245,927.0","32,324,929.0","32,383,457.0","32,422,055.0","32,458,740.0",..
French Polynesia,"103,955.0","123,820.0","136,863.0","137,292.0",,"137,699.0","138,147.0","138,670.0","139,273.0","139,965.0","140,715.0","141,493.0",..
Gabon,"465,565.0","610,303.0","853,933.0","888,352.0",,"923,797.0","958,671.0","991,829.0","1,022,804.0","1,051,841.0","1,079,376.0","1,106,193.0",..
"Gambia, The","476,819.0","656,265.0","917,084.0","945,199.0",,"974,247.0","1,004,097.0","1,034,700.0","1,066,030.0","1,098,093.0","1,130,882.0","1,164,369.0",..
Georgia,"2,282,896.0","1,936,826.0","1,790,352.0","1,778,218.0",,"1,774,019.0","1,775,779.0","1,779,006.0","1,779,921.0","1,779,524.0","1,777,890.0","1,773,959.0",..
Germany,"38,328,461.0","40,035,264.0","39,371,978.0","39,469,223.0",,"39,601,642.0","39,795,381.0","40,175,001.0","40,540,539.0","40,737,032.0","40,905,408.0","41,059,335.0",..
Ghana,"7,438,254.0","9,730,713.0","12,844,634.0","13,156,376.0",,"13,469,421.0","13,785,230.0","14,104,837.0","14,428,230.0","14,754,803.0","15,084,235.0","15,416,085.0",..
Gibraltar,..,..,..,..,,..,..,..,..,..,..,..,..
Greece,"5,055,537.0","5,371,003.0","5,451,489.0","5,420,637.0",,"5,381,647.0","5,346,628.0","5,311,962.0","5,289,903.0","5,279,194.0","5,268,106.0","5,259,724.0",..
Greenland,..,..,..,..,,..,..,..,..,..,..,..,..
Grenada,"47,509.0","51,141.0","53,970.0","54,285.0",,"54,623.0","54,962.0","55,287.0","55,597.0","55,891.0","56,165.0","56,427.0",..
Guam,"69,608.0","79,430.0","81,094.0","81,178.0",,"81,324.0","81,561.0","81,918.0","82,412.0","83,029.0","83,722.0","84,436.0",..
Guatemala,"4,496,993.0","5,686,814.0","7,135,035.0","7,265,171.0",,"7,396,093.0","7,527,272.0","7,658,027.0","7,788,565.0","7,918,969.0","8,049,345.0","8,178,496.0",..
Guinea,"3,048,946.0","3,933,797.0","4,969,536.0","5,083,246.0",,"5,202,754.0","5,332,365.0","5,474,964.0","5,631,810.0","5,801,517.0","5,981,081.0","6,166,075.0",..
Guinea-Bissau,"471,252.0","580,844.0","758,357.0","779,432.0",,"801,146.0","823,342.0","845,892.0","868,733.0","891,865.0","915,247.0","938,865.0",..
Guyana,"366,733.0","372,093.0","373,314.0","375,463.0",,"378,139.0","380,980.0","383,716.0","386,264.0","388,680.0","390,997.0","393,266.0",..
Haiti,"3,461,320.0","4,167,537.0","4,983,003.0","5,058,348.0",,"5,133,166.0","5,207,006.0","5,279,571.0","5,350,618.0","5,420,284.0","5,489,042.0","5,557,595.0",..
Honduras,"2,461,224.0","3,269,500.0","4,231,000.0","4,311,692.0",,"4,391,236.0","4,470,389.0","4,549,692.0","4,629,297.0","4,709,092.0","4,789,031.0","4,868,995.0",..
"Hong Kong SAR, China","2,898,176.0","3,278,577.0","3,315,094.0","3,342,076.0",,"3,346,624.0","3,361,767.0","3,382,217.0","3,395,092.0","3,412,711.0","3,432,494.0","3,451,238.0",..
Hungary,"4,982,258.0","4,857,933.0","4,732,572.0","4,709,560.0",,"4,698,182.0","4,687,178.0","4,677,655.0","4,665,398.0","4,654,465.0","4,649,998.0","4,648,823.0",..
Iceland,"127,948.0","140,722.0","160,659.0","161,373.0",,"162,722.0","164,368.0","165,975.0","168,264.0","172,279.0","177,025.0","181,415.0",..
India,"453,257,378.0","549,387,865.0","650,437,004.0","658,421,676.0",,"666,167,747.0","673,749,546.0","681,223,338.0","688,600,704.0","695,871,194.0","703,042,609.0","710,129,571.0",..
Indonesia,"91,096,367.0","105,853,828.0","123,499,379.0","125,181,410.0",,"126,855,970.0","128,509,832.0","130,132,841.0","131,719,776.0","133,270,226.0","134,784,915.0","136,269,762.0",..
"Iran, Islamic Rep.","28,744,606.0","33,387,556.0","37,622,120.0","38,112,868.0",,"38,640,046.0","39,184,195.0","39,730,147.0","40,274,547.0","40,819,018.0","41,358,928.0","41,889,897.0",..
Iraq,"8,785,138.0","11,852,482.0","15,520,708.0","16,111,682.0",,"16,755,227.0","17,393,214.0","17,983,737.0","18,512,965.0","18,993,932.0","19,444,065.0","19,891,811.0",..
Ireland,"1,748,458.0","1,891,446.0","2,273,238.0","2,280,451.0",,"2,290,372.0","2,305,716.0","2,327,061.0","2,354,000.0","2,381,248.0","2,412,947.0","2,451,664.0",..
Isle of Man,..,..,..,..,,..,..,..,..,..,..,..,..
Israel,"2,325,684.0","3,098,862.0","3,837,807.0","3,912,366.0",,"3,989,533.0","4,070,471.0","4,155,479.0","4,241,160.0","4,327,497.0","4,414,918.0","4,502,889.0",..
Italy,"27,572,699.0","27,555,561.0","28,732,398.0","28,822,965.0",,"29,180,255.0","29,473,355.0","29,467,922.0","29,438,983.0","29,415,238.0","29,379,072.0","29,338,084.0",..
Jamaica,"1,194,060.0","1,320,371.0","1,405,568.0","1,413,584.0",,"1,421,484.0","1,429,206.0","1,436,699.0","1,443,915.0","1,450,843.0","1,457,454.0","1,463,721.0",..
Japan,"60,880,117.0","62,290,064.0","62,510,675.0","62,396,539.0",,"62,294,204.0","62,200,548.0","62,124,278.0","62,043,043.0","61,932,014.0","61,797,750.0","61,659,571.0",..
Jordan,"1,868,031.0","2,655,129.0","3,900,741.0","4,111,467.0",,"4,323,625.0","4,521,446.0","4,693,411.0","4,835,306.0","4,949,398.0","5,038,769.0","5,113,213.0",..
Kazakhstan,"7,934,265.0","7,158,398.0","8,006,532.0","8,122,815.0",,"8,242,815.0","8,367,513.0","8,493,748.0","8,619,219.0","8,741,668.0","8,862,003.0","8,981,563.0",..
Kenya,"11,820,053.0","15,866,806.0","21,441,106.0","22,021,732.0",,"22,607,749.0","23,195,539.0","23,782,608.0","24,367,328.0","24,950,304.0","25,534,093.0","26,122,385.0",..
Kiribati,"35,815.0","41,588.0","51,514.0","52,297.0",,"53,021.0","53,742.0","54,492.0","55,276.0","56,089.0","56,940.0","57,821.0",..
"Korea, Dem. People’s Rep.","9,859,248.0","11,177,727.0","12,057,410.0","12,121,635.0",,"12,186,628.0","12,251,157.0","12,314,250.0","12,375,884.0","12,436,351.0","12,495,432.0","12,552,763.0",..
"Korea, Rep.","21,489,519.0","23,585,703.0","25,019,009.0","25,151,510.0",,"25,267,949.0","25,428,291.0","25,562,160.0","25,661,177.0","25,729,091.0","25,846,211.0","25,891,693.0",..
Kosovo,..,..,..,..,,..,..,..,..,..,..,..,..
Kuwait,"1,190,594.0","1,195,302.0","1,832,250.0","1,940,368.0",,"2,050,219.0","2,156,739.0","2,255,991.0","2,346,669.0","2,428,713.0","2,501,081.0","2,563,059.0",..
Kyrgyz Republic,"2,153,625.0","2,421,955.0","2,725,184.0","2,771,607.0",,"2,828,269.0","2,886,649.0","2,947,391.0","3,008,277.0","3,066,892.0","3,128,214.0","3,194,209.0",..
Lao PDR,"2,129,858.0","2,649,923.0","3,154,711.0","3,211,000.0",,"3,267,830.0","3,324,635.0","3,381,015.0","3,436,669.0","3,491,534.0","3,545,628.0","3,599,027.0",..
Latvia,"1,240,828.0","1,087,942.0","943,129.0","931,522.0",,"921,725.0","913,405.0","906,491.0","899,037.0","892,116.0","886,304.0","880,733.0",..
Lebanon,"1,383,398.0","1,914,713.0","2,636,805.0","2,800,951.0",,"2,984,910.0","3,155,287.0","3,287,818.0","3,375,557.0","3,425,539.0","3,444,612.0","3,449,248.0",..
Lesotho,"777,542.0","976,684.0","975,948.0","983,783.0",,"992,868.0","1,002,443.0","1,011,934.0","1,021,125.0","1,030,103.0","1,038,953.0","1,047,944.0",..
Liberia,"1,031,840.0","1,420,073.0","2,012,212.0","2,072,201.0",,"2,129,522.0","2,186,164.0","2,243,641.0","2,302,083.0","2,361,024.0","2,420,655.0","2,481,116.0",..
Libya,"2,338,934.0","2,780,978.0","3,183,329.0","3,196,568.0",,"3,208,241.0","3,224,185.0","3,248,490.0","3,282,819.0","3,325,601.0","3,373,759.0","3,422,618.0",..
Liechtenstein,..,..,..,..,,..,..,..,..,..,..,..,..
Lithuania,"1,749,805.0","1,637,906.0","1,392,825.0","1,373,912.0",,"1,360,334.0","1,349,379.0","1,337,721.0","1,322,120.0","1,305,326.0","1,294,538.0","1,289,064.0",..
Luxembourg,"186,834.0","214,883.0","257,987.0","264,801.0",,"271,572.0","278,639.0","285,878.0","292,674.0","300,425.0","306,776.0","313,215.0",..
"Macao SAR, China","169,829.0","204,905.0","264,555.0","270,884.0",,"277,156.0","283,189.0","288,837.0","294,041.0","298,833.0","303,322.0","307,706.0",..
Madagascar,"5,791,123.0","7,850,485.0","10,832,942.0","11,135,051.0",,"11,443,328.0","11,758,680.0","12,081,795.0","12,412,894.0","12,751,864.0","13,098,627.0","13,452,929.0",..
Malawi,"4,662,382.0","5,503,580.0","7,363,503.0","7,578,987.0",,"7,799,449.0","8,023,479.0","8,250,133.0","8,478,700.0","8,709,591.0","8,944,379.0","9,185,277.0",..
Malaysia,"9,172,078.0","11,818,008.0","14,780,914.0","14,992,103.0",,"15,190,416.0","15,385,703.0","15,585,165.0","15,790,796.0","16,000,504.0","16,212,465.0","16,423,158.0",..
Maldives,"114,397.0","141,341.0","210,248.0","223,635.0",,"238,588.0","254,670.0","271,368.0","288,943.0","306,975.0","323,522.0","336,067.0",..
Mali,"4,171,131.0","5,428,429.0","7,752,071.0","7,986,053.0",,"8,222,333.0","8,465,831.0","8,720,128.0","8,986,323.0","9,263,381.0","9,550,101.0","9,844,541.0",..
Malta,"174,397.0","193,497.0","206,885.0","209,132.0",,"212,506.0","217,176.0","222,723.0","228,085.0","234,531.0","242,929.0","252,005.0",..
Marshall Islands,..,..,..,..,,..,..,..,..,..,..,..,..
Mauritania,"1,009,971.0","1,307,876.0","1,800,007.0","1,854,814.0",,"1,911,185.0","1,968,830.0","2,027,546.0","2,087,251.0","2,147,916.0","2,209,469.0","2,271,842.0",..
Mauritius,"527,992.0","588,549.0","620,784.0","622,483.0",,"623,789.0","624,771.0","625,354.0","625,421.0","625,535.0","625,349.0","625,016.0",..
Mexico,"41,540,389.0","48,558,034.0","56,609,426.0","57,375,324.0",,"58,125,267.0","58,863,830.0","59,594,174.0","60,315,358.0","61,024,502.0","61,720,822.0","62,403,393.0",..
"Micronesia, Fed. Sts.","49,251.0","54,367.0","52,512.0","53,060.0",,"53,802.0","54,590.0","55,348.0","56,026.0","56,667.0","57,272.0","57,869.0",..
Moldova,"1,415,132.0","1,399,394.0","1,375,384.0","1,375,322.0",,"1,374,779.0","1,373,537.0","1,362,196.0","1,345,926.0","1,322,475.0","1,297,941.0","1,273,749.0",..
Monaco,..,..,..,..,,..,..,..,..,..,..,..,..
Mongolia,"1,078,255.0","1,195,603.0","1,373,062.0","1,399,039.0",,"1,426,341.0","1,454,225.0","1,482,078.0","1,509,700.0","1,537,056.0","1,563,878.0","1,589,932.0",..
Montenegro,"301,929.0","299,160.0","306,343.0","306,681.0",,"307,025.0","307,342.0","307,537.0","307,637.0","307,690.0","307,635.0","307,613.0",..
Morocco,"12,375,888.0","14,268,734.0","16,172,838.0","16,415,742.0",,"16,668,886.0","16,922,954.0","17,171,037.0","17,410,494.0","17,642,611.0","17,869,066.0","18,093,064.0",..
Mozambique,"6,204,936.0","8,469,140.0","11,676,135.0","12,010,631.0",,"12,356,706.0","12,716,650.0","13,092,038.0","13,483,767.0","13,891,296.0","14,312,859.0","14,745,848.0",..
Myanmar,"20,123,776.0","22,629,739.0","24,579,873.0","24,780,909.0",,"24,992,002.0","25,198,875.0","25,391,578.0","25,566,384.0","25,727,632.0","25,883,205.0","26,044,665.0",..
Namibia,"690,052.0","865,292.0","1,042,645.0","1,061,380.0",,"1,080,423.0","1,100,050.0","1,120,451.0","1,141,680.0","1,163,617.0","1,186,089.0","1,208,865.0",..
Nauru,..,..,..,..,,..,..,..,..,..,..,..,..
Nepal,"9,395,936.0","11,919,754.0","13,163,927.0","12,944,949.0",,"12,695,979.0","12,494,893.0","12,397,962.0","12,422,408.0","12,552,433.0","12,770,054.0","13,046,951.0",..
Netherlands,"7,395,215.0","7,888,406.0","8,291,175.0","8,323,365.0",,"8,349,389.0","8,381,341.0","8,421,098.0","8,469,359.0","8,523,546.0","8,577,740.0","8,632,233.0",..
New Caledonia,"87,184.0","107,792.0","128,171.0","130,551.0",,"132,930.0","135,164.0","137,348.0","139,390.0","141,225.0","142,993.0","144,763.0",..
New Zealand,"1,638,887.0","1,893,349.0","2,153,547.0","2,166,172.0",,"2,183,492.0","2,217,161.0","2,259,704.0","2,307,702.0","2,357,069.0","2,379,944.0","2,417,001.0",..
Nicaragua,"2,070,253.0","2,507,309.0","2,907,879.0","2,947,285.0",,"2,987,129.0","3,027,167.0","3,067,183.0","3,107,132.0","3,147,005.0","3,186,676.0","3,225,984.0",..
Niger,"3,925,010.0","5,613,221.0","8,558,347.0","8,905,039.0",,"9,266,473.0","9,641,581.0","10,029,627.0","10,430,626.0","10,844,986.0","11,272,868.0","11,714,459.0",..
Nigeria,"47,896,885.0","61,648,372.0","82,359,445.0","84,619,340.0",,"86,936,449.0","89,305,019.0","91,720,561.0","94,181,405.0","96,687,437.0","99,237,756.0","101,831,872.0",..
North Macedonia,"1,004,097.0","1,019,340.0","1,036,010.0","1,037,178.0",,"1,038,357.0","1,039,450.0","1,040,396.0","1,041,177.0","1,041,785.0","1,042,178.0","1,042,306.0",..
Northern Mariana Islands,..,..,..,..,,..,..,..,..,..,..,..,..
Norway,"2,097,050.0","2,224,846.0","2,480,019.0","2,516,701.0",,"2,551,015.0","2,583,343.0","2,612,219.0","2,637,977.0","2,661,622.0","2,681,209.0","2,701,173.0",..
Oman,"1,008,698.0","1,273,247.0","1,999,080.0","2,192,183.0",,"2,399,526.0","2,601,350.0","2,782,951.0","2,939,431.0","3,073,366.0","3,186,779.0","3,284,444.0",..
Pakistan,"55,820,762.0","73,473,690.0","94,423,309.0","96,432,829.0",,"98,464,640.0","100,531,293.0","102,640,697.0","104,795,319.0","106,988,967.0","109,209,940.0","111,447,582.0",..
Palau,..,..,..,..,,..,..,..,..,..,..,..,..
Panama,"1,248,975.0","1,527,027.0","1,861,634.0","1,893,178.0",,"1,925,033.0","1,957,377.0","1,990,330.0","2,023,946.0","2,058,074.0","2,092,389.0","2,126,433.0",..
Papua New Guinea,"2,348,432.0","2,972,405.0","3,803,433.0","3,885,970.0",,"3,968,033.0","4,050,612.0","4,134,391.0","4,219,458.0","4,305,511.0","4,392,429.0","4,480,006.0",..
Paraguay,"2,139,389.0","2,701,005.0","3,222,511.0","3,267,599.0",,"3,313,069.0","3,358,511.0","3,403,641.0","3,448,399.0","3,492,884.0","3,537,050.0","3,580,886.0",..
Peru,"10,978,391.0","13,190,769.0","14,582,610.0","14,690,301.0",,"14,808,670.0","14,953,132.0","15,133,363.0","15,355,659.0","15,613,254.0","15,886,583.0","16,148,237.0",..
Philippines,"31,267,875.0","39,280,833.0","48,204,860.0","49,014,341.0",,"49,820,008.0","50,613,449.0","51,388,763.0","52,143,399.0","52,879,470.0","53,601,488.0","54,316,068.0",..
Poland,"18,557,940.0","18,573,486.0","18,409,121.0","18,418,976.0",,"18,419,687.0","18,416,608.0","18,411,698.0","18,406,971.0","18,408,912.0","18,406,093.0","18,400,811.0",..
Portugal,"4,805,303.0","4,962,243.0","5,040,201.0","5,007,718.0",,"4,969,080.0","4,932,800.0","4,905,105.0","4,884,985.0","4,870,967.0","4,863,018.0","4,857,125.0",..
Puerto Rico,"1,710,308.0","1,831,640.0","1,766,244.0","1,744,132.0",,"1,722,917.0","1,693,208.0","1,661,469.0","1,626,878.0","1,584,730.0","1,518,437.0","1,515,479.0",..
Qatar,"318,809.0","386,334.0","1,561,736.0","1,683,804.0",,"1,786,767.0","1,874,506.0","1,950,211.0","2,012,916.0","2,061,729.0","2,100,297.0","2,133,518.0",..
Romania,"11,437,864.0","10,979,227.0","9,784,146.0","9,746,146.0",,"9,717,464.0","9,687,855.0","9,646,524.0","9,592,109.0","9,534,161.0","9,474,612.0","9,414,389.0",..
Russian Federation,"69,265,950.0","68,593,139.0","66,276,541.0","66,369,578.0",,"66,498,022.0","66,634,908.0","66,759,858.0","66,874,340.0","66,950,259.0","66,948,494.0","66,908,372.0",..
Rwanda,"3,595,187.0","3,875,946.0","5,047,257.0","5,174,930.0",,"5,305,371.0","5,440,795.0","5,582,650.0","5,731,375.0","5,886,052.0","6,045,042.0","6,206,092.0",..
Samoa,"84,984.0","90,882.0","96,766.0","97,623.0",,"98,505.0","99,330.0","100,039.0","100,603.0","101,058.0","101,485.0","102,006.0",..
San Marino,..,..,..,..,,..,..,..,..,..,..,..,..
Sao Tome and Principe,"58,883.0","70,283.0","92,311.0","94,276.0",,"96,117.0","97,920.0","99,768.0","101,669.0","103,612.0","105,591.0","107,615.0",..
Saudi Arabia,"9,087,120.0","11,248,494.0","15,932,492.0","16,462,049.0",,"17,002,146.0","17,533,437.0","18,040,928.0","18,520,833.0","18,973,953.0","19,395,719.0","19,783,531.0",..
Senegal,"3,746,116.0","4,813,467.0","6,342,358.0","6,518,704.0",,"6,701,734.0","6,891,923.0","7,089,492.0","7,294,620.0","7,506,792.0","7,724,668.0","7,946,434.0",..
Serbia,"3,744,551.0","3,688,621.0","3,545,877.0","3,529,003.0",,"3,511,922.0","3,495,362.0","3,477,898.0","3,459,406.0","3,440,594.0","3,421,300.0","3,402,287.0",..
Seychelles,"34,675.0","40,424.0","45,210.0","45,653.0",,"46,440.0","47,082.0","48,073.0","48,673.0","49,240.0","49,683.0","50,107.0",..
Sierra Leone,"2,133,215.0","2,273,784.0","3,266,961.0","3,342,191.0",,"3,418,473.0","3,495,710.0","3,573,851.0","3,653,173.0","3,733,927.0","3,815,799.0","3,898,354.0",..
Singapore,"1,533,022.0","2,065,671.0","2,709,949.0","2,780,596.0",,"2,826,421.0","2,862,740.0","2,896,581.0","2,934,565.0","2,937,348.0","2,951,389.0","2,985,477.0",..
Sint Maarten (Dutch part),..,..,..,..,,..,..,..,..,..,..,..,..
Slovak Republic,"2,586,549.0","2,616,580.0","2,619,193.0","2,624,484.0",,"2,628,235.0","2,631,831.0","2,635,474.0","2,640,131.0","2,645,557.0","2,650,490.0","2,655,082.0",..
Slovenia,"971,204.0","972,598.0","1,018,653.0","1,021,568.0",,"1,023,266.0","1,024,431.0","1,025,441.0","1,026,565.0","1,027,665.0","1,031,862.0","1,039,309.0",..
Solomon Islands,"160,237.0","212,112.0","275,047.0","282,448.0",,"290,268.0","298,355.0","306,569.0","314,911.0","323,380.0","331,948.0","340,583.0",..
Somalia,"3,630,398.0","4,442,939.0","6,180,204.0","6,347,735.0",,"6,519,801.0","6,697,814.0","6,882,855.0","7,075,482.0","7,275,835.0","7,484,064.0","7,700,196.0",..
South Africa,"18,285,908.0","22,171,604.0","25,662,236.0","26,076,059.0",,"26,501,359.0","26,924,942.0","27,337,003.0","27,733,742.0","28,116,850.0","28,488,734.0","28,859,303.0",..
South Sudan,"2,729,951.0","3,087,858.0","4,914,725.0","5,057,130.0",,"5,178,653.0","5,279,349.0","5,360,487.0","5,419,649.0","5,459,485.0","5,492,756.0","5,536,529.0",..
Spain,"19,039,810.0","19,915,055.0","23,080,992.0","23,062,475.0",,"22,948,578.0","22,845,827.0","22,804,740.0","22,814,173.0","22,869,416.0","22,979,269.0","23,127,681.0",..
Sri Lanka,"8,748,043.0","9,365,937.0","9,909,668.0","9,900,223.0",,"9,956,946.0","10,031,412.0","10,107,534.0","10,205,812.0","10,310,132.0","10,408,791.0","10,463,418.0",..
St. Kitts and Nevis,..,..,..,..,,..,..,..,..,..,..,..,..
St. Lucia,"67,799.0","76,876.0","86,422.0","86,981.0",,"87,414.0","87,801.0","88,209.0","88,653.0","89,117.0","89,580.0","90,019.0",..
St. Martin (French part),..,..,..,..,,..,..,..,..,..,..,..,..
St. Vincent and the Grenadines,"53,447.0","54,298.0","55,178.0","55,259.0",,"55,358.0","55,465.0","55,588.0","55,705.0","55,842.0","55,977.0","56,095.0",..
Sudan,"10,103,185.0","13,677,231.0","17,629,960.0","18,053,321.0",,"18,498,013.0","18,956,885.0","19,424,628.0","19,900,233.0","20,385,465.0","20,880,946.0","21,387,956.0",..
Suriname,"205,950.0","237,885.0","269,500.0","272,492.0",,"275,472.0","278,425.0","281,315.0","284,150.0","286,918.0","289,623.0","292,255.0",..
Sweden,"4,227,935.0","4,387,548.0","4,710,414.0","4,748,979.0",,"4,792,726.0","4,843,615.0","4,897,969.0","4,962,512.0","5,032,184.0","5,093,124.0","5,150,312.0",..
Switzerland,"3,278,114.0","3,510,099.0","3,900,689.0","3,946,780.0",,"3,996,588.0","4,049,415.0","4,099,073.0","4,146,846.0","4,187,971.0","4,220,798.0","4,252,464.0",..
Syrian Arab Republic,"6,291,884.0","8,301,811.0","10,633,308.0","10,305,736.0",,"9,871,955.0","9,432,638.0","9,065,976.0","8,783,748.0","8,578,427.0","8,484,551.0","8,554,552.0",..
Tajikistan,"2,619,152.0","3,113,729.0","3,884,698.0","3,974,542.0",,"4,067,682.0","4,164,567.0","4,265,341.0","4,370,135.0","4,478,317.0","4,588,293.0","4,697,950.0",..
Tanzania,"12,541,231.0","16,661,172.0","22,786,108.0","23,477,076.0",,"24,192,462.0","24,932,240.0","25,696,136.0","26,484,484.0","27,296,698.0","28,130,445.0","28,980,622.0",..
Thailand,"28,018,393.0","31,094,461.0","33,067,053.0","33,199,858.0",,"33,327,953.0","33,448,526.0","33,559,464.0","33,660,410.0","33,751,846.0","33,833,419.0","33,904,846.0",..
Timor-Leste,"372,681.0","446,775.0","562,707.0","572,766.0",,"583,033.0","593,657.0","604,743.0","616,337.0","628,410.0","640,852.0","653,506.0",..
Togo,"1,861,741.0","2,431,835.0","3,273,347.0","3,362,736.0",,"3,453,578.0","3,545,610.0","3,638,656.0","3,732,598.0","3,827,461.0","3,923,401.0","4,020,649.0",..
Tonga,"48,229.0","49,868.0","51,901.0","51,450.0",,"50,925.0","50,521.0","50,373.0","50,549.0","50,995.0","51,612.0","52,284.0",..
Trinidad and Tobago,"608,568.0","630,740.0","661,550.0","665,647.0",,"669,869.0","673,959.0","677,715.0","681,087.0","684,087.0","686,710.0","688,984.0",..
Tunisia,"4,151,506.0","4,889,170.0","5,349,838.0","5,394,727.0",,"5,439,791.0","5,488,087.0","5,541,625.0","5,601,123.0","5,665,354.0","5,732,044.0","5,797,979.0",..
Turkey,"26,630,265.0","31,144,047.0","36,113,020.0","36,709,561.0",,"37,342,505.0","37,994,585.0","38,650,060.0","39,310,492.0","39,971,036.0","40,601,888.0","41,173,713.0",..
Turkmenistan,"1,810,468.0","2,222,834.0","2,545,631.0","2,592,293.0",,"2,641,299.0","2,690,989.0","2,740,072.0","2,788,087.0","2,835,085.0","2,880,944.0","2,925,686.0",..
Turks and Caicos Islands,..,..,..,..,,..,..,..,..,..,..,..,..
Tuvalu,..,..,..,..,,..,..,..,..,..,..,..,..
Uganda,"8,618,540.0","11,642,816.0","16,425,456.0","16,956,322.0",,"17,517,337.0","18,121,390.0","18,775,711.0","19,486,595.0","20,246,144.0","21,030,004.0","21,807,169.0",..
Ukraine,"24,132,217.0","22,891,198.0","21,096,145.0","21,051,832.0",,"21,017,385.0","20,931,533.0","20,889,479.0","20,829,908.0","20,756,848.0","20,665,692.0","20,560,382.0",..
United Arab Emirates,"1,198,317.0","2,117,132.0","6,648,747.0","6,713,314.0",,"6,653,158.0","6,565,272.0","6,520,857.0","6,537,837.0","6,595,480.0","6,680,352.0","6,766,808.0",..
United Kingdom,"27,827,129.0","28,696,560.0","31,097,291.0","31,335,746.0",,"31,567,929.0","31,822,154.0","32,094,826.0","32,356,947.0","32,594,185.0","32,807,966.0","33,007,819.0",..
United States,"122,325,569.0","138,983,981.0","153,910,331.0","155,084,590.0",,"156,207,397.0","157,397,705.0","158,591,855.0","159,761,286.0","160,791,853.0","161,644,928.0","162,417,882.0",..
Uruguay,"1,508,283.0","1,606,659.0","1,623,615.0","1,628,651.0",,"1,633,982.0","1,639,654.0","1,645,670.0","1,652,000.0","1,658,580.0","1,665,268.0","1,671,890.0",..
Uzbekistan,"10,146,167.0","12,257,559.0","14,596,073.0","14,817,043.0",,"15,055,008.0","15,316,098.0","15,590,813.0","15,869,714.0","16,144,643.0","16,432,782.0","16,748,844.0",..
Vanuatu,"75,380.0","94,608.0","123,152.0","126,609.0",,"130,227.0","133,908.0","137,574.0","141,207.0","144,819.0","148,422.0","152,038.0",..
"Venezuela, RB","9,888,592.0","12,139,609.0","14,405,869.0","14,635,477.0",,"14,837,101.0","14,954,491.0","14,953,215.0","14,808,192.0","14,547,061.0","14,252,274.0","14,045,228.0",..
Vietnam,"33,653,286.0","39,570,482.0","44,223,279.0","44,709,435.0",,"45,202,498.0","45,699,512.0","46,197,463.0","46,695,419.0","47,191,019.0","47,678,087.0","48,151,351.0",..
Virgin Islands (U.S.),"50,763.0","52,459.0","51,754.0","51,655.0",,"51,551.0","51,449.0","51,327.0","51,204.0","51,051.0","50,881.0","50,679.0",..
West Bank and Gaza,"1,002,827.0","1,483,541.0","1,970,026.0","2,019,328.0",,"2,068,541.0","2,117,699.0","2,166,729.0","2,215,753.0","2,259,944.0","2,317,549.0","2,376,173.0",..
"Yemen, Rep.","5,781,776.0","8,782,915.0","12,000,932.0","12,336,652.0",,"12,676,360.0","13,016,977.0","13,356,200.0","13,692,908.0","14,027,304.0","14,360,016.0","14,692,284.0",..
Zambia,"4,005,701.0","5,164,035.0","6,926,467.0","7,147,839.0",,"7,379,525.0","7,617,042.0","7,857,167.0","8,098,792.0","8,342,800.0","8,590,330.0","8,843,212.0",..
Zimbabwe,"5,190,949.0","5,814,301.0","6,139,112.0","6,240,524.0",,"6,349,211.0","6,459,901.0","6,568,772.0","6,674,231.0","6,777,124.0","6,879,217.0","6,983,351.0",..
Arab World,"113,558,927.0","143,974,390.0","187,772,923.0","192,114,499.0",,"196,403,619.0","200,661,288.0","204,904,513.0","209,121,382.0","213,300,878.0","217,492,127.0","221,750,517.0",..
Caribbean small states,"2,921,621.0","3,179,269.0","3,423,526.0","3,448,598.0",,"3,473,845.0","3,498,730.0","3,522,851.0","3,546,026.0","3,568,272.0","3,589,574.0","3,609,944.0",..
Central Europe and the Baltics,"53,889,475.0","52,498,705.0","50,312,524.0","50,217,263.0",,"50,132,475.0","50,048,426.0","49,950,445.0","49,835,495.0","49,720,196.0","49,627,477.0","49,554,293.0",..
Early-demographic dividend,"1,035,068,181.0","1,260,544,407.0","1,504,509,661.0","1,526,128,450.0",,"1,547,625,215.0","1,569,059,084.0","1,590,458,269.0","1,611,798,234.0","1,633,049,981.0","1,654,276,414.0","1,675,584,983.0",..
East Asia & Pacific,"924,687,756.0","1,038,037,277.0","1,127,516,878.0","1,135,075,263.0",,"1,142,607,924.0","1,150,210,426.0","1,157,771,647.0","1,165,464,072.0","1,173,138,153.0","1,179,994,701.0","1,186,037,760.0",..
East Asia & Pacific (excluding high income),"816,742,778.0","923,421,826.0","1,008,192,362.0","1,015,396,235.0",,"1,022,621,452.0","1,029,886,769.0","1,037,098,731.0","1,044,471,102.0","1,051,896,284.0","1,058,515,382.0","1,064,364,682.0",..
East Asia & Pacific (IDA & IBRD countries),"806,883,530.0","912,244,099.0","996,134,952.0","1,003,274,600.0",,"1,010,434,824.0","1,017,635,612.0","1,024,784,481.0","1,032,095,218.0","1,039,459,933.0","1,046,019,950.0","1,051,811,919.0",..
Euro area,"151,287,162.0","156,450,147.0","163,675,710.0","164,038,341.0",,"164,602,500.0","165,191,468.0","165,738,958.0","166,294,537.0","166,717,096.0","167,149,364.0","167,616,810.0",..
Europe & Central Asia,"405,210,434.0","415,074,772.0","429,243,332.0","431,082,825.0",,"433,260,768.0","435,510,243.0","437,768,727.0","439,993,034.0","441,972,576.0","443,797,581.0","445,561,326.0",..
Europe & Central Asia (excluding high income),"171,624,824.0","175,593,447.0","180,438,462.0","181,594,326.0",,"182,880,784.0","184,185,526.0","185,535,499.0","186,857,480.0","188,100,104.0","189,217,841.0","190,250,398.0",..
Europe & Central Asia (IDA & IBRD countries),"203,936,927.0","207,297,172.0","210,692,805.0","211,813,328.0",,"213,065,159.0","214,328,217.0","215,615,051.0","216,864,218.0","218,027,774.0","219,066,735.0","220,025,356.0",..
European Union,"204,658,114.0","209,011,922.0","214,871,756.0","215,213,757.0",,"215,769,562.0","216,356,166.0","216,893,200.0","217,436,569.0","217,846,597.0","218,264,502.0","218,723,034.0",..
Fragile and conflict affected situations,"193,071,408.0","250,784,868.0","330,725,941.0","339,017,203.0",,"347,447,685.0","355,912,187.0","364,347,004.0","372,702,405.0","381,028,101.0","389,508,827.0","398,389,374.0",..
Heavily indebted poor countries (HIPC),"175,934,380.0","234,495,940.0","319,462,554.0","328,652,647.0",,"338,136,618.0","347,878,767.0","357,849,657.0","368,045,791.0","378,466,407.0","389,086,687.0","399,876,908.0",..
High income,"505,769,801.0","542,419,094.0","587,473,145.0","591,079,405.0",,"594,677,133.0","598,369,754.0","602,008,386.0","605,674,544.0","608,967,517.0","612,021,826.0","614,963,001.0",..
IBRD only,"1,758,877,197.0","2,019,975,377.0","2,266,775,885.0","2,289,182,016.0",,"2,311,693,184.0","2,334,077,108.0","2,356,182,797.0","2,378,167,244.0","2,399,879,719.0","2,420,406,037.0","2,439,835,691.0",..
IDA & IBRD total,"2,176,347,218.0","2,560,251,357.0","2,965,923,088.0","3,004,031,907.0",,"3,042,550,782.0","3,081,343,789.0","3,120,323,487.0","3,159,647,939.0","3,199,138,610.0","3,237,905,414.0","3,276,080,977.0",..
IDA blend,"141,310,117.0","182,545,802.0","236,837,427.0","242,457,110.0",,"248,189,804.0","254,043,749.0","260,009,558.0","266,076,012.0","272,228,821.0","278,475,560.0","284,824,364.0",..
IDA only,"276,159,904.0","357,730,178.0","462,309,776.0","472,392,781.0",,"482,667,794.0","493,222,932.0","504,131,132.0","515,404,683.0","527,030,070.0","539,023,817.0","551,420,922.0",..
IDA total,"417,470,021.0","540,275,980.0","699,147,203.0","714,849,891.0",,"730,857,598.0","747,266,681.0","764,140,690.0","781,480,695.0","799,258,891.0","817,499,377.0","836,245,286.0",..
Late-demographic dividend,"931,975,333.0","1,031,209,179.0","1,108,576,753.0","1,115,167,336.0",,"1,121,803,372.0","1,128,509,356.0","1,135,205,452.0","1,142,151,191.0","1,149,160,938.0","1,155,243,227.0","1,160,437,113.0",..
Latin America & Caribbean,"219,009,380.0","257,192,720.0","293,783,339.0","296,948,099.0",,"300,079,282.0","303,160,832.0","306,193,573.0","309,173,161.0","312,094,691.0","314,945,209.0","317,822,811.0",..
Latin America & Caribbean (excluding high income),"206,979,128.0","243,577,992.0","278,866,769.0","281,927,458.0",,"284,950,562.0","287,923,109.0","290,836,107.0","293,682,879.0","296,467,811.0","299,207,242.0","301,929,851.0",..
Latin America & the Caribbean (IDA & IBRD countries),"211,587,895.0","249,379,197.0","285,949,971.0","289,124,726.0",,"292,262,040.0","295,358,732.0","298,411,895.0","301,418,759.0","304,378,834.0","307,295,113.0","310,177,857.0",..
Least developed countries: UN classification,"252,563,119.0","327,799,634.0","426,167,736.0","436,188,712.0",,"446,491,797.0","457,070,702.0","467,918,539.0","479,037,138.0","490,425,014.0","502,065,060.0","513,945,737.0",..
Low & middle income,"2,149,725,756.0","2,534,778,722.0","2,941,946,985.0","2,980,088,464.0",,"3,018,639,869.0","3,057,462,478.0","3,096,475,699.0","3,135,822,864.0","3,175,321,437.0","3,214,106,598.0","3,252,311,826.0",..
Low income,"150,213,008.0","199,428,643.0","271,159,329.0","278,243,600.0",,"285,438,484.0","292,807,530.0","300,399,957.0","308,221,188.0","316,266,914.0","324,562,904.0","333,155,373.0",..
Lower middle income,"900,637,227.0","1,100,600,383.0","1,320,555,494.0","1,340,673,286.0",,"1,360,911,604.0","1,381,214,865.0","1,401,681,997.0","1,422,271,034.0","1,442,930,126.0","1,463,665,341.0","1,484,440,034.0",..
Middle East & North Africa,"129,853,676.0","160,953,407.0","203,473,381.0","207,728,041.0",,"211,942,813.0","216,126,648.0","220,285,750.0","224,400,937.0","228,462,185.0","232,514,589.0","236,606,107.0",..
Middle East & North Africa (excluding high income),"114,263,887.0","141,059,313.0","170,658,348.0","173,808,794.0",,"177,037,589.0","180,285,156.0","183,509,855.0","186,687,069.0","189,827,068.0","192,993,539.0","196,265,051.0",..
Middle East & North Africa (IDA & IBRD countries),"113,261,060.0","139,575,772.0","168,688,322.0","171,789,466.0",,"174,969,048.0","178,167,457.0","181,343,126.0","184,471,316.0","187,567,124.0","190,675,990.0","193,888,878.0",..
Middle income,"1,999,512,748.0","2,335,350,079.0","2,670,787,656.0","2,701,844,864.0",,"2,733,201,385.0","2,764,654,948.0","2,796,075,742.0","2,827,601,676.0","2,859,054,523.0","2,889,543,694.0","2,919,156,453.0",..
North America,"136,056,505.0","154,184,523.0","170,946,162.0","172,303,854.0",,"173,606,504.0","174,970,312.0","176,295,454.0","177,667,776.0","178,916,404.0","180,028,718.0","181,069,856.0",..
Not classified,..,..,..,..,,..,..,..,..,..,..,..,..
OECD members,"541,278,215.0","587,087,552.0","635,531,007.0","639,550,282.0",,"643,741,280.0","648,144,143.0","652,544,456.0","657,046,981.0","661,276,932.0","665,288,532.0","669,056,858.0",..
Other small states,"8,607,015.0","10,408,700.0","13,949,887.0","14,293,866.0",,"14,620,882.0","14,946,195.0","15,281,505.0","15,625,867.0","15,977,770.0","16,330,857.0","16,672,194.0",..
Pacific island small states,"823,983.0","955,398.0","1,091,423.0","1,104,447.0",,"1,117,510.0","1,131,156.0","1,145,764.0","1,161,481.0","1,178,157.0","1,195,600.0","1,213,559.0",..
Post-demographic dividend,"470,924,018.0","499,355,494.0","528,290,441.0","530,592,334.0",,"533,011,773.0","535,542,543.0","538,048,862.0","540,563,215.0","542,691,309.0","544,631,490.0","546,466,942.0",..
Pre-demographic dividend,"206,899,917.0","274,620,051.0","376,167,878.0","387,375,778.0",,"398,942,685.0","410,773,977.0","422,799,568.0","434,999,126.0","447,388,604.0","459,977,599.0","472,787,361.0",..
Small states,"12,352,619.0","14,543,367.0","18,464,836.0","18,846,911.0",,"19,212,237.0","19,576,081.0","19,950,120.0","20,333,374.0","20,724,199.0","21,116,031.0","21,495,697.0",..
South Asia,"587,170,082.0","720,875,374.0","859,733,858.0","870,902,058.0",,"881,958,257.0","892,949,134.0","903,928,229.0","914,935,155.0","925,937,896.0","936,914,659.0","947,832,130.0",..
South Asia (IDA & IBRD),"587,170,082.0","720,875,374.0","859,733,858.0","870,902,058.0",,"881,958,257.0","892,949,134.0","903,928,229.0","914,935,155.0","925,937,896.0","936,914,659.0","947,832,130.0",..
Sub-Saharan Africa,"253,507,724.0","330,879,743.0","444,723,180.0","457,127,729.0",,"469,861,454.0","482,904,637.0","496,240,705.0","509,863,273.0","523,767,049.0","537,932,967.0","552,344,837.0",..
Sub-Saharan Africa (excluding high income),"252,945,057.0","330,250,770.0","444,057,186.0","456,459,593.0",,"469,191,225.0","482,232,784.0","495,567,278.0","509,189,179.0","523,092,274.0","537,257,935.0","551,669,714.0",..
Sub-Saharan Africa (IDA & IBRD countries),"253,507,724.0","330,879,743.0","444,723,180.0","457,127,729.0",,"469,861,454.0","482,904,637.0","496,240,705.0","509,863,273.0","523,767,049.0","537,932,967.0","552,344,837.0",..
Upper middle income,"1,098,875,521.0","1,234,749,696.0","1,350,232,162.0","1,361,171,578.0",,"1,372,289,781.0","1,383,440,083.0","1,394,393,745.0","1,405,330,642.0","1,416,124,397.0","1,425,878,353.0","1,434,716,419.0",..
World,"2,655,495,557.0","3,077,197,816.0","3,529,420,130.0","3,571,167,869.0",,"3,613,317,002.0","3,655,832,232.0","3,698,484,085.0","3,741,497,408.0","3,784,288,954.0","3,826,128,424.0","3,867,274,827.0",..
"Created from: World Development Indicators
Series : Population, male",,,,,,,,,,,,,
